X,Y,id,Tip spoja,Visina1,Visina2,Visina3,icon_url
14.9730976346421,45.4622100995975,0,Račva,,,,./0.png
14.9752213992589,45.4644392207636,1,,,,,./0.png
14.9689709604792,45.4642548356463,2,Račva 45,,,,./0.png
14.9699075482053,45.4641135335265,3,Račva 45,,,,./0.png
14.970374168394,45.4641452388236,4,Račva 45,,,,./0.png
14.970810251622,45.4643984816282,5,Račva 45,,,,./0.png
14.9708799913267,45.4644810815341,6,Račva 45,,,,./0.png
14.9709641554237,45.464539528579,7,Račva 45,,,,./0.png
14.9694906787051,45.4640730218941,8,Račva 45,,,,./0.png
14.9697257220227,45.464073532982,9,Račva 45,,,,./0.png
14.9708497209587,45.4644973858779,10,Račva 45,,,,./0.png
14.9708987598505,45.4646430850297,11,Račva 45,,,,./0.png
14.9712027507829,45.464608788539,12,Račva 45,,,,./0.png
14.9710199065295,45.4645509710629,13,Račva 45,,,,./0.png
14.971307761672,45.4648451171425,14,Račva 45,,,,./0.png
14.9713601911256,45.4648501696436,15,Račva 45,,,,./0.png
14.97149441753,45.4647928239682,16,Račva 45,,,,./0.png
14.9721529544729,45.4648033056369,17,Račva 45,,,,./0.png
14.8042335582407,45.376025986138,18,Račva 45,,,,./0.png
14.8054011356262,45.3726722763432,19,Račva 45,,,,./0.png
14.8053320828692,45.3728607358418,20,Račva 45,,,,./0.png
14.8052533444114,45.3730644864446,21,Račva 45,,,,./0.png
14.8051925784684,45.3732377299637,22,Račva 45,,,,./0.png
14.8051411098736,45.3734671512187,23,Račva 45,,,,./0.png
14.8050718869406,45.3738023400636,24,Račva 45,,,,./0.png
14.8050707562081,45.37383374993,25,Račva 45,,,,./0.png
14.805057251593,45.3739874148305,26,Račva 45,,,,./0.png
14.8049711585404,45.3742285964186,27,Račva 45,,,,./0.png
14.8048689251625,45.3744557262128,28,Račva 45,,,,./0.png
14.8048356316002,45.3745300124719,29,Račva 45,,,,./0.png
14.8048197141861,45.3745632512599,30,Račva 45,,,,./0.png
14.8047160464472,45.3747908252908,31,Račva 45,,,,./0.png
14.8040981069233,45.3719958328973,32,Račva 45,,,,./0.png
14.8010842310918,45.3708472547674,33,Račva 45,,,,./0.png
14.8011167410886,45.3708730733995,34,Račva 45,,,,./0.png
14.8013604076547,45.371047475214,35,Račva 45,,,,./0.png
14.8015551357044,45.3711920585287,36,Račva 45,,,,./0.png
14.8015843379342,45.371204972999,37,Račva 45,,,,./0.png
14.8018238873774,45.371227609541,38,Račva 45,,,,./0.png
14.8020335258999,45.3711719479526,39,Račva 45,,,,./0.png
14.8026562525834,45.3713223946497,40,Račva 45,,,,./0.png
14.8023044146198,45.3722527672533,41,Račva 45,,,,./0.png
14.80088094592,45.3733076038085,42,Račva 45,,,,./0.png
14.8008575919504,45.3732916829902,43,Račva 45,,,,./0.png
14.8008474903446,45.3732846912682,44,Račva 45,,,,./0.png
14.8006740553046,45.3731797100435,45,Račva 45,,,,./0.png
14.8005863898232,45.3731317104176,46,Račva 45,,,,./0.png
14.8003656469838,45.3730239490013,47,Račva 45,,,,./0.png
14.8000772559592,45.3729041104784,48,Račva 45,,,,./0.png
14.7997839945533,45.3727893033072,49,Račva 45,,,,./0.png
14.7997524850799,45.372776664783,50,Račva 45,,,,./0.png
14.7993803097931,45.3726216698103,51,Račva 45,,,,./0.png
14.7991151365177,45.3725121354362,52,Račva 45,,,,./0.png
14.7991096050028,45.3725099246151,53,Račva 45,,,,./0.png
14.798662926973,45.3723299889288,54,Račva 45,,,,./0.png
14.7985436822144,45.3724340508336,55,Račva 45,,,,./0.png
14.798419680473,45.3720012494746,56,Račva 45,,,,./0.png
14.7982686350259,45.3718541348609,57,Račva 45,,,,./0.png
14.798248521651,45.3718381690297,58,Račva 45,,,,./0.png
14.7979058779035,45.3718111064034,59,Račva 45,,,,./0.png
14.799433924659,45.3724168310596,60,Račva 45,,,,./0.png
14.8002026299589,45.3733197046363,61,Račva 45,,,,./0.png
14.8003128006053,45.3736186141566,62,Račva 45,,,,./0.png
14.8003452941372,45.373572575706,63,Račva 45,,,,./0.png
14.8004454098891,45.3734317895305,64,Račva 45,,,,./0.png
14.8002888500152,45.3733481881656,65,Račva 45,,,,./0.png
14.7985281597323,45.3729818930592,66,Račva 45,,,,./0.png
14.798509809747,45.374181519625,67,Račva 45,,,,./0.png
14.7985095349402,45.3741652702396,68,Račva 45,,,,./0.png
14.7985116437818,45.3739308887161,69,Račva 45,,,,./0.png
14.7985178431007,45.3736491999367,70,Račva 45,,,,./0.png
14.7985190111431,45.3736098644581,71,Račva 45,,,,./0.png
14.7985207403032,45.3734255766917,72,Račva 45,,,,./0.png
14.7985219294848,45.3732659381043,73,Račva 45,,,,./0.png
14.798592372036,45.3732640935528,74,Račva 45,,,,./0.png
14.7988577299072,45.3746032609787,75,Račva 45,,,,./0.png
14.7991134398067,45.3745920760523,76,Račva 45,,,,./0.png
14.7999358845592,45.3746559632108,77,Račva 45,,,,./0.png
14.801194940563,45.3746821801297,78,Račva 45,,,,./0.png
14.8006608634418,45.3743745653156,79,Račva 45,,,,./0.png
14.799433073216,45.3744641374396,80,Račva 45,,,,./0.png
14.7994389267582,45.374415296243,81,Račva 45,,,,./0.png
14.799462031201,45.3742472799763,82,Račva 45,,,,./0.png
14.7994883046827,45.3740541056528,83,Račva 45,,,,./0.png
14.7994920118183,45.374025757006,84,Račva 45,,,,./0.png
14.7995060114463,45.3739135679891,85,Račva 45,,,,./0.png
14.7995124962011,45.3738799359294,86,Račva 45,,,,./0.png
14.7995269938296,45.3738117814396,87,Račva 45,,,,./0.png
14.7995380383837,45.3737324867759,88,Račva 45,,,,./0.png
14.7997669467944,45.3731866524486,89,Račva 45,,,,./0.png
14.7998011027276,45.37313358536,90,Račva 45,,,,./0.png
14.7998670041545,45.3730298093874,91,Račva 45,,,,./0.png
14.7994840909795,45.3740808842519,92,,,,,./0.png
14.7949721882894,45.3725395612192,93,Račva 45,,,,./0.png
14.7951025397548,45.3727003322686,94,Račva 45,,,,./0.png
14.7951848464583,45.3728010121787,95,Račva 45,,,,./0.png
14.7953651676149,45.3729840446394,96,Račva 45,,,,./0.png
14.7955309425738,45.3731187898109,97,Račva 45,,,,./0.png
14.7957722461865,45.3733282561597,98,Račva 45,,,,./0.png
14.7955300287716,45.3739975265928,99,Račva 45,,,,./0.png
14.7960611109375,45.374079958271,100,Račva 45,,,,./0.png
14.7960960310798,45.3741173338589,101,Račva 45,,,,./0.png
14.7962460204314,45.3742421003705,102,Račva 45,,,,./0.png
14.7966287339049,45.374514151703,103,Račva 45,,,,./0.png
14.7967158551381,45.3745827407164,104,Račva 45,,,,./0.png
14.7968790451153,45.3746620063799,105,Račva 45,,,,./0.png
14.797263935268,45.3748573797695,106,Račva 45,,,,./0.png
14.7972704312035,45.374861233755,107,Račva 45,,,,./0.png
14.7946736625881,45.3787815954096,108,Račva 45,,,,./0.png
14.7928656371436,45.3796449684137,109,Račva 45,,,,./0.png
14.7933731971082,45.3793341648387,110,Račva 45,,,,./0.png
14.7934239267838,45.3793128778531,111,Račva 45,,,,./0.png
14.7960547114564,45.3801349553966,112,Račva 45,,,,./0.png
14.7960963975383,45.3801187137245,113,Račva 45,,,,./0.png
14.796025686481,45.3803114579375,114,Račva 45,,,,./0.png
14.7960237128009,45.3803424496271,115,Račva 45,,,,./0.png
14.7971501369073,45.3800233950213,116,Račva 45,,,,./0.png
14.7965958907576,45.3799345803478,117,Račva 45,,,,./0.png
14.7964207707866,45.3799413424543,118,Račva 45,,,,./0.png
14.7963433284172,45.3799411865095,119,Račva 45,,,,./0.png
14.7960075797385,45.3799088831415,120,Račva 45,,,,./0.png
14.7959430778131,45.3798989281552,121,Račva 45,,,,./0.png
14.7958163160289,45.3798775129799,122,Račva 45,,,,./0.png
14.7953335996134,45.3797075698887,123,Račva 45,,,,./0.png
14.7961171064008,45.3803998821836,124,Račva 45,,,,./0.png
14.7915400003405,45.3842156050313,125,Račva 45,,,,./0.png
14.7904503185177,45.3845127971503,126,Račva 45,,,,./0.png
14.7902424465986,45.3846039108802,127,Račva 45,,,,./0.png
14.7894478004998,45.3856893056224,128,Račva 45,,,,./0.png
14.7897607486592,45.3849345992566,129,Račva 45,,,,./0.png
14.7914908488523,45.3856635735217,130,Račva 45,,,,./0.png
14.7914825748685,45.3856779736449,131,Račva 45,,,,./0.png
14.791374571278,45.3858441538924,132,Račva 45,,,,./0.png
14.7911083479415,45.3860385091202,133,Račva 45,,,,./0.png
14.7909598391203,45.386138384547,134,Račva 45,,,,./0.png
14.7906388171841,45.3862710406083,135,Račva 45,,,,./0.png
14.7903254638275,45.3863985579119,136,Račva 45,,,,./0.png
14.7900795550929,45.3864919759359,137,Račva 45,,,,./0.png
14.7903751524909,45.3857350090784,138,Račva 45,,,,./0.png
14.7908492734873,45.385317768492,139,Račva 45,,,,./0.png
14.7915224353876,45.3851564534392,140,Račva 45,,,,./0.png
14.7917764592579,45.385184216078,141,Račva 45,,,,./0.png
14.7903031921436,45.3858068781059,142,Račva 45,,,,./0.png
14.7897664410235,45.3868667067478,143,Račva 45,,,,./0.png
14.7904829182027,45.3878927987467,144,Račva 45,,,,./0.png
14.7904033902617,45.3877777213165,145,Račva 45,,,,./0.png
14.7902042485887,45.3875314112922,146,Račva 45,,,,./0.png
14.7901741631053,45.3875001920399,147,Račva 45,,,,./0.png
14.7900070096011,45.3873590026986,148,Račva 45,,,,./0.png
14.7898905650013,45.3872768364198,149,Račva 45,,,,./0.png
14.7910063517624,45.3886686866332,150,Račva 45,,,,./0.png
14.7910092812736,45.3886726258007,151,Račva 45,,,,./0.png
14.7911152206767,45.3888405429883,152,Račva 45,,,,./0.png
14.7912018179396,45.3889787745679,153,Račva 45,,,,./0.png
14.7912534646419,45.3890576519149,154,Račva 45,,,,./0.png
14.7906594716162,45.3884210960636,155,Račva 45,,,,./0.png
14.7902141208577,45.3884307219018,156,Račva 45,,,,./0.png
14.7901392188024,45.3884409765903,157,Račva 45,,,,./0.png
14.7907000197931,45.3884211409257,158,Račva 45,,,,./0.png
14.7901237867896,45.3886293855347,159,Račva 45,,,,./0.png
14.790284915851,45.388844331114,160,Račva 45,,,,./0.png
14.7903953980925,45.3890062425845,161,Račva 45,,,,./0.png
14.790901134786,45.3890746247518,162,Račva 45,,,,./0.png
14.7939482075568,45.3913294589292,163,Spoj na postojeću kanalizaciju,,,,./0.png
14.7913154837984,45.3904994285885,164,Redukcija,,,,./0.png
14.7910817006428,45.3902858857832,165,Račva 45,,,,./0.png
14.791271879105,45.3902929983388,166,Račva 45,,,,./0.png
14.7912963056299,45.3902770276594,167,Račva 45,,,,./0.png
14.7908905505274,45.3901035922356,168,Račva 45,,,,./0.png
14.7914031984336,45.3899946618393,169,Račva 45,,,,./0.png
14.7916567322923,45.3898701948673,170,Račva 45,,,,./0.png
14.7916645840986,45.3898663600326,171,Račva 45,,,,./0.png
14.7921471104703,45.3895669550216,172,Račva 45,,,,./0.png
14.7921485909148,45.3896318778274,173,Račva 45,,,,./0.png
14.7921019709941,45.3896522807413,174,Račva 45,,,,./0.png
14.7920236658088,45.3896811226642,175,Račva 45,,,,./0.png
14.7916077847184,45.3895001438146,176,Račva 45,,,,./0.png
14.7915917540868,45.389483597416,177,Račva 45,,,,./0.png
14.7923742649486,45.3902496774282,178,Račva 45,,,,./0.png
14.7927629628058,45.3905698386782,179,Račva 45,,,,./0.png
14.7930219256989,45.3907960875909,180,Račva 45,,,,./0.png
14.7929801374932,45.3908117400679,181,Račva 45,,,,./0.png
14.7932223690509,45.3909641662729,182,Račva 45,,,,./0.png
14.7948322574598,45.3912886117838,183,Račva 45,,,,./0.png
14.7968759527033,45.3912981667751,184,Račva 45,,,,./0.png
14.7961263117653,45.3912810647953,185,Račva 45,,,,./0.png
14.7975490023479,45.3917831977713,186,Račva 45,,,,./0.png
14.7951209896393,45.3917929437358,187,Spoj na postojeću kanalizaciju,,,,./0.png
14.7952834568687,45.3916812473325,188,Račva 45,,,,./0.png
14.7937220130986,45.3915285811211,189,Račva 45,,,,./0.png
14.7949528996309,45.4033351070012,190,Spoj na postojeću kanalizaciju,,,,./0.png
14.8058441824334,45.3955611534584,192,Račva 45,,,,./0.png
14.8064655257101,45.3955711466564,193,Račva 45,,,,./0.png
14.8065234728825,45.3954812467389,194,Račva 45,,,,./0.png
14.8068570903985,45.3959191656549,195,Račva 45,,,,./0.png
14.807679972105,45.3962573997886,196,Račva 45,,,,./0.png
14.8078338644553,45.3965167120657,197,Račva 45,,,,./0.png
14.8078824734215,45.396603249356,198,Račva 45,,,,./0.png
14.8080129586512,45.3968315112881,199,Račva 45,,,,./0.png
14.8080778277651,45.3969463872502,200,Račva 45,,,,./0.png
14.8082528873392,45.3972380001839,201,Račva 45,,,,./0.png
14.8083139647929,45.3973357760437,202,Račva 45,,,,./0.png
14.7949156022077,45.3922899905565,203,Račva 45,,,,./0.png
14.7954065452466,45.392516903381,204,Račva 45,,,,./0.png
14.7955480057722,45.3926021801805,205,Račva 45,,,,./0.png
14.7955170990228,45.3925837523157,206,Račva 45,,,,./0.png
14.7937661868934,45.392700721784,207,Račva 45,,,,./0.png
14.7937624542928,45.3928538188902,208,Račva 45,,,,./0.png
14.7937177050963,45.3930833411212,209,Račva 45,,,,./0.png
14.7936497240958,45.3932136232576,210,Račva 45,,,,./0.png
14.7935425519082,45.3934032546496,211,Račva 45,,,,./0.png
14.7934648530423,45.3921820639662,212,Račva 45,,,,./0.png
14.7936817029551,45.3923626106555,213,Račva 45,,,,./0.png
14.7936381789783,45.3923643957072,214,Račva 45,,,,./0.png
14.7931767444002,45.3924317817426,215,Račva 45,,,,./0.png
14.7932499758753,45.3924081516782,216,Račva 45,,,,./0.png
14.7928889384599,45.3925260146218,217,Račva 45,,,,./0.png
14.7929279251907,45.3925130352192,218,Račva 45,,,,./0.png
14.7925895285137,45.3926677534876,219,Račva 45,,,,./0.png
14.7925939255635,45.3926653507322,220,Račva 45,,,,./0.png
14.7926268675039,45.392648046333,221,Račva 45,,,,./0.png
14.792433670951,45.3927686290569,222,Račva 45,,,,./0.png
14.7923417718674,45.3928347770749,223,Račva 45,,,,./0.png
14.7921511636136,45.3930147668587,224,Račva 45,,,,./0.png
14.7919848035343,45.3930347562866,225,Račva 45,,,,./0.png
14.7997634769047,45.3935447083991,226,Račva 45,,,,./0.png
14.8002477331222,45.3937174474303,227,Račva 45,,,,./0.png
14.8013143868452,45.3940694100146,228,Račva 45,,,,./0.png
14.8024759889561,45.3944725695386,229,Račva 45,,,,./0.png
14.9745579917243,45.4641753795719,230,Račva 45,,,,./0.png
14.9749014797503,45.464337862337,231,Račva 45,,,,./0.png
14.9743246496486,45.4613113951846,232,Račva 45,,,,./0.png
14.9745089639219,45.4611603244841,233,Račva 45,,,,./0.png
14.9747283995038,45.4610854611025,234,Račva 45,,,,./0.png
14.9712264441609,45.4611826864312,-27,Račva 45,,,,./0.png
14.970541825357,45.461415842006,-31,Račva 45,,,,./0.png
14.9704024192315,45.4614643976718,-32,Račva 45,,,,./0.png
14.9702820697796,45.4615053994096,-36,Račva 45,,,,./0.png
14.9701603084578,45.4615577396065,-37,Račva 45,,,,./0.png
14.9699199810585,45.4616649406799,-39,Račva 45,,,,./0.png
14.9701011332204,45.4617611817686,,Račva 45,,,,./0.png
14.9702097017817,45.4617550905102,,Račva 45,,,,./0.png
14.9701702769978,45.4618375971797,,Račva 45,,,,./0.png
14.9703866607513,45.4620680165008,,Račva 45,,,,./0.png
14.9705988320368,45.4622870068166,,Račva 45,,,,./0.png
14.9698560869148,45.4623702308305,,Račva 45,,,,./0.png
14.9705122817308,45.4625116780657,,Račva 45,,,,./0.png
14.9698051316015,45.4632886099234,,Račva 45,,,,./0.png
14.8028195048305,45.3972664385695,,Račva 45,,,,./0.png
14.8027145884883,45.3970250652238,,Račva 45,,,,./0.png
14.7956457122662,45.3930362920944,,Račva 45,,,,./0.png
14.7970004277484,45.3925074091511,,Račva 45,,,,./0.png
14.7982925820974,45.3932907160069,,Račva 45,,,,./0.png
14.7987846584034,45.3937034062959,,Račva 45,,,,./0.png
14.7987889175183,45.3937072740605,,Račva 45,,,,./0.png
14.7990527381205,45.3938087591884,,Račva 45,,,,./0.png
14.7993151035092,45.393910522025,,Račva 45,,,,./0.png
14.7990076907785,45.3938969312443,,Račva 45,,,,./0.png
14.7994012114529,45.3942306388842,,Račva 45,,,,./0.png
14.7994991282722,45.3943166732303,,Račva 45,,,,./0.png
14.799610904109,45.3944123884962,,Račva 45,,,,./0.png
14.7996123749021,45.394413600376,,Račva 45,,,,./0.png
14.7982500945646,45.3749133606144,,Uno jahač,,,,./0.png
14.8006953987518,45.395558357562,,Račva 45,,,,./0.png
14.8006538798407,45.3953163425286,,Račva 45,,,,./0.png
14.80071611371,45.3954086802619,,,,,,./0.png
14.8008443139945,45.3956219858159,,Račva 45,,,,./0.png
14.8008307078608,45.395799980515,,Račva 45,,,,./0.png
14.8008715297143,45.3957579347783,,Račva 45,,,,./0.png
14.8008705473411,45.3960185121283,,Račva 45,,,,./0.png
14.8008771696205,45.3960338045942,,Račva 45,,,,./0.png
14.8011187648881,45.3963591074933,,Račva 45,,,,./0.png
14.8012205644265,45.396559862008,,Račva 45,,,,./0.png
14.8014429550377,45.3970420646771,,Račva 45,,,,./0.png
14.8011790900149,45.3962731045066,,Račva 45,,,,./0.png
14.8014449321101,45.3967852797301,,,,,,./0.png
14.8014493488642,45.3967839530247,,,,,,./0.png
14.8015187534985,45.3968808204312,,,,,,./0.png
14.8017060593518,45.3975421711098,,Račva 45,,,,./0.png
14.8014359748203,45.3974807484929,,Račva 45,,,,./0.png
14.8019055809274,45.3979059273388,,Račva 45,,,,./0.png
14.8018453996483,45.3978021243728,,Račva 45,,,,./0.png
14.8011135666011,45.3976116327591,,Račva 45,,,,./0.png
14.8009653524368,45.3976653113835,,Račva 45,,,,./0.png
14.8021298311742,45.3983495651522,,Račva 45,,,,./0.png
14.8021260832047,45.398022475473,,Račva 45,,,,./0.png
14.8022236672837,45.3981847890391,,Račva 45,,,,./0.png
14.8027219286769,45.3985917973699,,Račva 45,,,,./0.png
14.8025451787328,45.3988563086544,,,,,,./0.png
14.8029458917875,45.3993197385749,,Račva 45,,,,./0.png
14.8028324672177,45.3993599066677,,Račva 45,,,,./0.png
14.8032533599854,45.399699773192,,Račva 45,,,,./0.png
14.8035318062506,45.4000305725649,,Račva 45,,,,./0.png
14.8043320167957,45.4008729756124,,Račva 45,,,,./0.png
14.8027243782148,45.3988916496551,,Račva 45,,,,./0.png
14.8033285603241,45.3994159287333,,Račva 45,,,,./0.png
14.803313721385,45.3994222345885,,Račva 45,,,,./0.png
14.8032818755693,45.3994357675602,,Račva 45,,,,./0.png
14.803269857026,45.3994408748713,,Račva 45,,,,./0.png
14.8046849811656,45.4010738163865,,Račva 45,,,,./0.png
14.8044677297524,45.4013091290468,,Račva 45,,,,./0.png
14.8048058196757,45.4013174942233,,Račva 45,,,,./0.png
14.804610276405,45.4014609652149,,Račva 45,,,,./0.png
14.8052012834682,45.4016953413112,,Račva 45,,,,./0.png
14.8053956556376,45.4017573488756,,Račva 45,,,,./0.png
14.8056391624491,45.4019613292539,,Račva 45,,,,./0.png
14.8056368261821,45.4021301986618,,Račva 45,,,,./0.png
14.8060167532333,45.40227488182,,Račva 45,,,,./0.png
14.806019780515,45.4022740479829,,Račva 45,,,,./0.png
14.8059705855977,45.4027364019318,,Račva 45,,,,./0.png
14.8061967663053,45.4030108693867,,Račva 45,,,,./0.png
14.8062293958457,45.4030518431891,,Račva 45,,,,./0.png
14.8063181211116,45.4031569148257,,Račva 45,,,,./0.png
14.8061426835022,45.4034783325559,,Račva 45,,,,./0.png
14.8064684194486,45.4034625874659,,Račva 45,,,,./0.png
14.8064977512587,45.4034430659677,,Račva 45,,,,./0.png
14.8065531300193,45.4032892261781,,Račva 45,,,,./0.png
14.8067216485555,45.4033946152304,,Račva 45,,,,./0.png
14.7137185724356,45.3055200939994,,Redukcija,,,,./0.png
14.8067757239011,45.4036555088477,,Račva 45,,,,./0.png
14.8067121403511,45.4035900024904,,,,,,./0.png
14.8068931493043,45.4037752212598,,Račva 45,,,,./0.png
14.807019626939,45.4034034647726,,Račva 45,,,,./0.png
14.8072540274102,45.4039084148451,,Račva 45,,,,./0.png
14.8071889928184,45.4038558561895,,Račva 45,,,,./0.png
14.8071205095305,45.403800510271,,Račva 45,,,,./0.png
14.8070609635911,45.4037451307347,,Račva 45,,,,./0.png
14.807676740187,45.4038685339295,,Račva 45,,,,./0.png
14.8075101565534,45.403901129095,,Račva 45,,,,./0.png
14.807339820068,45.4046403692803,,Račva 45,,,,./0.png
14.8069920743166,45.4044158807727,,Račva 45,,,,./0.png
14.8070967945519,45.4046144807383,,Račva 45,,,,./0.png
14.8073138800528,45.4043342588156,,Račva 45,,,,./0.png
14.8070879794901,45.4043088324044,,Račva 45,,,,./0.png
14.8069942381486,45.4042466488627,,Račva 45,,,,./0.png
14.8074474360139,45.4043532893088,,Račva 45,,,,./0.png
14.8074346732817,45.4042813851073,,Račva 45,,,,./0.png
14.8074677117407,45.4045273881159,,Račva 45,,,,./0.png
14.8074639593589,45.4044959848282,,Račva 45,,,,./0.png
14.8074559335332,45.4044551975977,,Račva 45,,,,./0.png
14.8074520326742,45.4044147592041,,Račva 45,,,,./0.png
14.8075039008694,45.4047909473263,,Račva 45,,,,./0.png
14.8077790602072,45.405541322723,,Račva 45,,,,./0.png
14.7954306990662,45.4035231903898,,Račva 45,,,,./0.png
14.7954245744645,45.4033573440467,,Račva 45,,,,./0.png
14.7950400631673,45.40352752695,,Račva 45,,,,./0.png
14.7927806589674,45.402838659599,,Račva 45,,,,./0.png
14.7927599662364,45.40308708161,,Račva 45,,,,./0.png
14.7928037344331,45.4025713490584,,Račva 45,,,,./0.png
14.7947883635878,45.4022599096885,,Račva 45,,,,./0.png
14.7945934287623,45.4022473985738,,Račva 45,,,,./0.png
14.7944066517786,45.4022354107205,,Račva 45,,,,./0.png
14.7940309685383,45.4019869074012,,Račva 45,,,,./0.png
14.7933737937851,45.4018028737547,,Račva 45,,,,./0.png
14.7939684290118,45.4027548528462,,Račva 45,,,,./0.png
14.7939996554182,45.402489436572,,Račva 45,,,,./0.png
14.7936660961771,45.4021608975795,,Račva 45,,,,./0.png
14.7970360010569,45.3981765728266,,Račva 45,,,,./0.png
14.7969185214831,45.3980522591749,,Račva 45,,,,./0.png
14.7967991203178,45.3979536528659,,Račva 45,,,,./0.png
14.7965855249867,45.3978267665196,,Račva 45,,,,./0.png
14.7962511620379,45.397477818765,,Račva 45,,,,./0.png
14.796355508017,45.397737276815,,Račva 45,,,,./0.png
14.7964200900887,45.3978111293642,,Račva 45,,,,./0.png
14.7962894633394,45.3970152298583,,Račva 45,,,,./0.png
14.7962798254848,45.3971106516965,,Račva 45,,,,./0.png
14.7962669450666,45.3972119642597,,Račva 45,,,,./0.png
14.7962626973228,45.3972555443211,,Račva 45,,,,./0.png
14.7975832469661,45.3986000203656,,Račva 45,,,,./0.png
14.797657579605,45.3982515311717,,Račva 45,,,,./0.png
14.7977522946586,45.3982110094624,,Račva 45,,,,./0.png
14.7978880566993,45.3978754940098,,Račva 45,,,,./0.png
14.797690721369,45.3976499258364,,Račva 45,,,,./0.png
14.7975420116804,45.3974872842539,,Račva 45,,,,./0.png
14.7975243913518,45.3974680130879,,Račva 45,,,,./0.png
14.7974931322524,45.3974243535292,,Račva 45,,,,./0.png
14.7958258878798,45.4008571227009,,Račva 45,,,,./0.png
14.796091420168,45.4009005892605,,Račva 45,,,,./0.png
14.7961710271045,45.4011078460061,,Račva 45,,,,./0.png
14.7965324387094,45.4008810731251,,Račva 45,,,,./0.png
14.7966264340866,45.4008434211947,,Račva 45,,,,./0.png
14.7968523399067,45.4008453510447,,Račva 45,,,,./0.png
14.7969897339916,45.4008937432152,,Račva 45,,,,./0.png
14.7968850027385,45.3997839983671,,Račva 45,,,,./0.png
14.7967604055369,45.400100421966,,Račva 45,,,,./0.png
14.7968043451519,45.4001004474522,,Račva 45,,,,./0.png
14.7978137037498,45.4004625397646,,Račva 45,,,,./0.png
14.7978447431808,45.4005235303748,,Račva 45,,,,./0.png
14.7979161262755,45.4006282377297,,Račva 45,,,,./0.png
14.7977527346647,45.4002163638973,,Račva 45,,,,./0.png
14.7978978102948,45.3998260956543,,Račva 45,,,,./0.png
14.7976272266721,45.399619232601,,Račva 45,,,,./0.png
14.797233483135,45.3992772625124,,Račva 45,,,,./0.png
14.7972402289302,45.3992823123584,,Račva 45,,,,./0.png
14.797793369003,45.3992037223713,,Račva 45,,,,./0.png
14.797891685343,45.3991496662829,,Račva 45,,,,./0.png
14.7981565242169,45.3990203437433,,Račva 45,,,,./0.png
14.7983471704526,45.3989243797997,,Račva 45,,,,./0.png
14.7983335957514,45.3999124985724,,Račva 45,,,,./0.png
14.7986215286061,45.3998947423473,,Račva 45,,,,./0.png
14.7987503757729,45.3998831640824,,Račva 45,,,,./0.png
14.7989315334065,45.3998650760466,,Račva 45,,,,./0.png
14.7991148371295,45.3998478295677,,Račva 45,,,,./0.png
14.7992121319371,45.3998363207142,,Račva 45,,,,./0.png
14.7993916594362,45.3998044397437,,Račva 45,,,,./0.png
14.7995143618394,45.399780530948,,Račva 45,,,,./0.png
14.7996464772543,45.3997451539364,,Račva 45,,,,./0.png
14.799891242645,45.3996547625612,,Račva 45,,,,./0.png
14.7998969305274,45.3996525075977,,Račva 45,,,,./0.png
14.7999477078803,45.3996289672444,,Račva 45,,,,./0.png
14.7999880768858,45.3996117509365,,Račva 45,,,,./0.png
14.8001076130071,45.3995571089892,,Račva 45,,,,./0.png
14.8001664220679,45.399529818686,,Račva 45,,,,./0.png
14.8004629930483,45.3993687480203,,Račva 45,,,,./0.png
14.8005284336377,45.3993332774774,,Račva 45,,,,./0.png
14.800775727493,45.3991925294245,,Račva 45,,,,./0.png
14.800809364244,45.3991740428202,,Račva 45,,,,./0.png
14.8009032828656,45.3991217184269,,Račva 45,,,,./0.png
14.8006024567499,45.3997084797453,,Račva 45,,,,./0.png
14.8004732143543,45.3995816280863,,Račva 45,,,,./0.png
14.8004153225331,45.3995272245156,,Račva 45,,,,./0.png
14.8001260536163,45.3991424560338,,Račva 45,,,,./0.png
14.8000759111907,45.399080968732,,Račva 45,,,,./0.png
14.7999503806524,45.398935211581,,Račva 45,,,,./0.png
14.7998884630411,45.3988617606608,,Račva 45,,,,./0.png
14.7997227816346,45.3985940137394,,Račva 45,,,,./0.png
14.7997640937596,45.3986773264158,,Račva 45,,,,./0.png
14.7998233474957,45.3987842127017,,Račva 45,,,,./0.png
14.799379686035,45.3987306331977,,Račva 45,,,,./0.png
14.7994599563745,45.39869898358,,Račva 45,,,,./0.png
14.8001535630858,45.3982984684143,,Račva 45,,,,./0.png
14.8001333497207,45.3983029910832,,Račva 45,,,,./0.png
14.7999715207931,45.3983411658127,,Račva 45,,,,./0.png
14.7998210623815,45.3983794491254,,Račva 45,,,,./0.png
14.800407504194,45.3982332830282,,Račva 45,,,,./0.png
14.7990306056893,45.398628248452,,Račva 45,,,,./0.png
14.798908203126,45.3986890556424,,Račva 45,,,,./0.png
14.7991716828707,45.3981366841701,,Račva 45,,,,./0.png
14.7992147065077,45.3981842079349,,Račva 45,,,,./0.png
14.7993182497164,45.3982938700275,,,,,,./0.png
14.799331300444,45.3983084160417,,Račva 45,,,,./0.png
14.7990804463505,45.3980358001606,,Račva 45,,,,./0.png
14.799073414696,45.3980275066518,,Račva 45,,,,./0.png
14.7990501574214,45.3980023239541,,Račva 45,,,,./0.png
14.7990372107843,45.3979868334038,,Račva 45,,,,./0.png
14.7989371212192,45.3978732462932,,Račva 45,,,,./0.png
14.7983909999311,45.3984600729529,,Račva 45,,,,./0.png
14.7982274645488,45.3979892563824,,Račva 45,,,,./0.png
14.7982093366283,45.3979974449464,,Račva 45,,,,./0.png
14.7990694139636,45.3976054015523,,Račva 45,,,,./0.png
14.799035932952,45.397620839427,,Račva 45,,,,./0.png
14.799220865303,45.3975363071581,,Račva 45,,,,./0.png
14.7992492813566,45.3975215226814,,Račva 45,,,,./0.png
14.7990518798459,45.3973278110748,,Račva 45,,,,./0.png
14.7991546479186,45.3974657613333,,Račva 45,,,,./0.png
14.7998790301543,45.3972388044309,,Račva 45,,,,./0.png
14.7997014153235,45.3973190488842,,Račva 45,,,,./0.png
14.7995862256577,45.3973725738316,,Račva 45,,,,./0.png
14.7990788085452,45.3970198936567,,Račva 45,,,,./0.png
14.7990302896589,45.3969661937841,,Račva 45,,,,./0.png
14.7990072962627,45.3969407450445,,Račva 45,,,,./0.png
14.7989753231515,45.3969038242379,,Račva 45,,,,./0.png
14.7989113203623,45.3968318714705,,Račva 45,,,,./0.png
14.7988259113077,45.3967369231686,,Račva 45,,,,./0.png
14.7988047081591,45.3967114110715,,Račva 45,,,,./0.png
14.7987493970234,45.3966502810787,,Račva 45,,,,./0.png
14.7987053865935,45.3966011755966,,Račva 45,,,,./0.png
14.7987011288294,45.3965963049594,,Račva 45,,,,./0.png
14.7986032687625,45.3964864131965,,Račva 45,,,,./0.png
14.7985927193497,45.3964761775259,,Račva 45,,,,./0.png
14.7984892083764,45.3963588225732,,Račva 45,,,,./0.png
14.7984204248776,45.3962802292739,,Račva 45,,,,./0.png
14.7973208433335,45.3954297538753,,Račva 45,,,,./0.png
14.7968906476116,45.3946229084447,,Račva 45,,,,./0.png
14.7980308581482,45.3961973957846,,Račva 45,,,,./0.png
14.7978434051737,45.396278828329,,Račva 45,,,,./0.png
14.7978621569114,45.3966709089929,,Račva 45,,,,./0.png
14.7977733426349,45.396570329979,,Račva 45,,,,./0.png
14.7977206137986,45.3965100628701,,Račva 45,,,,./0.png
14.7977022811134,45.3964892530394,,Račva 45,,,,./0.png
14.7980884378596,45.3969277736856,,Račva 45,,,,./0.png
14.7979542530794,45.3967727966649,,Račva 45,,,,./0.png
14.7978971716048,45.3967085953427,,Račva 45,,,,./0.png
14.7982226665765,45.3970813114157,,Račva 45,,,,./0.png
14.7982724620187,45.3971372152207,,Račva 45,,,,./0.png
14.7983440307515,45.3972166599821,,Račva 45,,,,./0.png
14.7983902975724,45.3972709813806,,Račva 45,,,,./0.png
14.7984485014353,45.3973318696754,,Račva 45,,,,./0.png
14.7984838378243,45.3973716303233,,Račva 45,,,,./0.png
14.7986010765026,45.3975040375692,,Račva 45,,,,./0.png
14.7986583196308,45.3975671611014,,Račva 45,,,,./0.png
14.7986814434852,45.397592521866,,Račva 45,,,,./0.png
14.7975410722656,45.397214589928,,Račva 45,,,,./0.png
14.7973273459527,45.3972371393912,,Račva 45,,,,./0.png
14.7972595979251,45.3971581109106,,Račva 45,,,,./0.png
14.7971949242484,45.3970915463672,,Račva 45,,,,./0.png
14.8032694806971,45.4008757140079,,Račva 45,,,,./0.png
14.7973045358182,45.401645746585,,Račva 45,,,,./0.png
14.796271263405,45.4031808038146,,Račva 45,,,,./0.png
14.7940501793831,45.4055693545904,,,,,,./0.png
14.7977870162062,45.402131592888,,,,,,./0.png
14.7983238443615,45.4023000555719,,Račva 45,,,,./0.png
14.7983821812205,45.4021844680721,,Račva 45,,,,./0.png
14.7984642772637,45.4020688590572,,Račva 45,,,,./0.png
14.7985519738128,45.4019225376195,,Račva 45,,,,./0.png
14.7986040061576,45.4018885587438,,Račva 45,,,,./0.png
14.7988973244494,45.401665034552,,Račva 45,,,,./0.png
14.7990265351712,45.4015838019419,,Račva 45,,,,./0.png
14.7990662002146,45.4015612298755,,Račva 45,,,,./0.png
14.7989870577687,45.4015347523124,,Račva 45,,,,./0.png
14.7993772279201,45.4013599169638,,Račva 45,,,,./0.png
14.79939592288,45.4013477835434,,Račva 45,,,,./0.png
14.7995927538894,45.4012306363744,,Račva 45,,,,./0.png
14.7996055659998,45.4011977587587,,,,,,./0.png
14.7996248116401,45.4012154730832,,Račva 45,,,,./0.png
14.799297360849,45.4014134478557,,,,,,./0.png
14.7956724801533,45.401374121327,,Račva 45,,,,./0.png
14.7957796810615,45.4013729613439,,,,,,./0.png
14.7959459152688,45.4013808325881,,,,,,./0.png
14.7955447783485,45.4012213641555,,,,,,./0.png
14.8533987998696,45.3156127731969,,Račva 45,,,,./0.png
14.85352736443,45.3154260344648,,Račva 45,,,,./0.png
14.8537759452075,45.3154794231158,,Račva 45,,,,./0.png
14.853815561568,45.315012942729,,Račva 45,,,,./0.png
14.8538115105282,45.3150186392211,,Račva 45,,,,./0.png
14.8539039444269,45.3148929675298,,Račva 45,,,,./0.png
14.8540399736285,45.3147167202466,,Račva 45,,,,./0.png
14.8540242719176,45.3147370643549,,Račva 45,,,,./0.png
14.8541431568,45.3145848369251,,Račva 45,,,,./0.png
14.8536133188603,45.3140606373153,,Račva 45,,,,./0.png
14.854090196749,45.3142469748128,,Račva 45,,,,./0.png
14.8461635735563,45.3160810896378,,Račva 45,,,,./0.png
14.846193508483,45.3160780136853,,Račva 45,,,,./0.png
14.845461990054,45.3159088582458,,Račva 45,,,,./0.png
14.846426808354,45.3160378384234,,Račva 45,,,,./0.png
14.8465200410191,45.3160203811118,,Račva 45,,,,./0.png
14.8468971109947,45.315948541314,,Račva 45,,,,./0.png
14.8474365760931,45.3158668123403,,Račva 45,,,,./0.png
14.8474438927522,45.3159178512253,,Račva 45,,,,./0.png
14.8474926208853,45.3158606044031,,Račva 45,,,,./0.png
14.84773975344,45.3158359245389,,Račva 45,,,,./0.png
14.8478299995854,45.3158290414816,,Račva 45,,,,./0.png
14.8482667954426,45.3157909967918,,,,,,./0.png
14.848276542212,45.3157891580534,,,,,,./0.png
14.848564060402,45.3157616410531,,Račva 45,,,,./0.png
14.848748835232,45.3157453258525,,Račva 45,,,,./0.png
14.8488033368312,45.3157395448935,,Račva 45,,,,./0.png
14.8489298970709,45.3157294965907,,Račva 45,,,,./0.png
14.8490683765619,45.3157174607769,,Račva 45,,,,./0.png
14.849095206983,45.315715868967,,Račva 45,,,,./0.png
14.8492780430606,45.3157004247553,,Račva 45,,,,./0.png
14.8493918697989,45.315689651933,,Račva 45,,,,./0.png
14.8494812649082,45.3156813154658,,Račva 45,,,,./0.png
14.8495898174681,45.3156720859869,,Račva 45,,,,./0.png
14.8497546066754,45.3156588098323,,Račva 45,,,,./0.png
14.8498088113401,45.3156544639037,,Račva 45,,,,./0.png
14.849931109235,45.3156462426323,,Račva 45,,,,./0.png
14.8500304484364,45.3156380494335,,Račva 45,,,,./0.png
14.8502299173725,45.3156251837157,,Račva 45,,,,./0.png
14.8502426585486,45.3156256377633,,Račva 45,,,,./0.png
14.8505405061887,45.3156069038346,,Račva 45,,,,./0.png
14.850701360703,45.3155973489551,,Račva 45,,,,./0.png
14.8509169192182,45.3155838145561,,Račva 45,,,,./0.png
14.8509296943178,45.3155830991779,,Račva 45,,,,./0.png
14.8510721353545,45.315575167588,,Račva 45,,,,./0.png
14.8510825951701,45.3156322808015,,Račva 45,,,,./0.png
14.8512638996941,45.3155640785431,,Račva 45,,,,./0.png
14.8515388891873,45.3155506811777,,Račva 45,,,,./0.png
14.8518594081444,45.3155374003961,,Račva 45,,,,./0.png
14.851995258311,45.3155324321019,,Račva 45,,,,./0.png
14.8521423974107,45.3155340156822,,Račva 45,,,,./0.png
14.8521575661131,45.3155343245732,,Račva 45,,,,./0.png
14.8523713217307,45.3155521670906,,Račva 45,,,,./0.png
14.8526003124808,45.3155944356816,,Račva 45,,,,./0.png
14.8527555390913,45.3156294305731,,,,,,./0.png
14.8526227054671,45.3155215088228,,Račva 45,,,,./0.png
14.8537446812501,45.3160067056599,,Račva 45,,,,./0.png
14.8538022335166,45.316032102012,,Račva 45,,,,./0.png
14.8540259485666,45.3161421423427,,Račva 45,,,,./0.png
14.8540824393528,45.3161733724468,,Račva 45,,,,./0.png
14.8541862548624,45.3162308411257,,Račva 45,,,,./0.png
14.8542393321969,45.3162610320884,,Račva 45,,,,./0.png
14.8542440857287,45.3162642501672,,Račva 45,,,,./0.png
14.8544164701465,45.3163719301161,,Račva 45,,,,./0.png
14.8545317418034,45.3164566498481,,Račva 45,,,,./0.png
14.8546834472565,45.3165781594513,,Račva 45,,,,./0.png
14.8548194481479,45.3167090712564,,Račva 45,,,,./0.png
14.8549660158279,45.316849493839,,Račva 45,,,,./0.png
14.8551863472456,45.3170766469915,,Račva 45,,,,./0.png
14.8553389556635,45.3172331738936,,Račva 45,,,,./0.png
14.8554054991282,45.3173049525601,,Račva 45,,,,./0.png
14.8554297826677,45.3173296889456,,Račva 45,,,,./0.png
14.8554575111427,45.3173587943454,,Račva 45,,,,./0.png
14.8555855979827,45.3174900411774,,Račva 45,,,,./0.png
14.8557210046219,45.3176328216921,,Račva 45,,,,./0.png
14.855785745892,45.3177007947016,,Račva 45,,,,./0.png
14.8558357395163,45.3177538873465,,Račva 45,,,,./0.png
14.8559296775093,45.3178487370227,,Račva 45,,,,./0.png
14.8559584134442,45.3178783067417,,Račva 45,,,,./0.png
14.8560161612085,45.317936730229,,Račva 45,,,,./0.png
14.8560471323149,45.3179684018202,,Račva 45,,,,./0.png
14.8560940560943,45.3180174007113,,Račva 45,,,,./0.png
14.8562269673295,45.3181539355438,,Račva 45,,,,./0.png
14.8562349033567,45.3181617887191,,Račva 45,,,,./0.png
14.8562921391026,45.3182202946807,,Račva 45,,,,./0.png
14.8564576465241,45.3183941033766,,Račva 45,,,,./0.png
14.8565983057104,45.3185406479214,,Račva 45,,,,./0.png
14.8566930789201,45.3186375786915,,Račva 45,,,,./0.png
14.8568371738699,45.3187800329528,,Račva 45,,,,./0.png
14.856965295575,45.3189058794516,,Račva 45,,,,./0.png
14.8570210288378,45.3189634635452,,Račva 45,,,,./0.png
14.8571033318585,45.3190505858687,,Račva 45,,,,./0.png
14.8572610407265,45.319225181046,,Račva 45,,,,./0.png
14.8572704446295,45.319235214967,,Račva 45,,,,./0.png
14.8574078748204,45.3194274257237,,Račva 45,,,,./0.png
14.8574259860694,45.3196746121344,,Račva 45,,,,./0.png
14.8573754463556,45.319971294,,Račva 45,,,,./0.png
14.8573228617845,45.3201974861562,,Račva 45,,,,./0.png
14.8573075031302,45.3202522476036,,Račva 45,,,,./0.png
14.8572280258894,45.3204909210442,,Račva 45,,,,./0.png
14.8572056234584,45.3205554797689,,Račva 45,,,,./0.png
14.8571205920072,45.32077004654,,Račva 45,,,,./0.png
14.8571394951358,45.3207206453837,,Račva 45,,,,./0.png
14.8570694609014,45.3208973631506,,Račva 45,,,,./0.png
14.856985136272,45.3211183290946,,Račva 45,,,,./0.png
14.856971043947,45.3211557411141,,Račva 45,,,,./0.png
14.8568608961414,45.321440406513,,Račva 45,,,,./0.png
14.8568760554556,45.3214013900867,,Račva 45,,,,./0.png
14.8567483039209,45.321734575294,,Račva 45,,,,./0.png
14.8567056409214,45.3218557144585,,Račva 45,,,,./0.png
14.8566601465192,45.3219688939535,,Račva 45,,,,./0.png
14.8566287552334,45.3220531204413,,Račva 45,,,,./0.png
14.8565481402417,45.3222647807083,,Račva 45,,,,./0.png
14.856513251409,45.3223596653368,,Račva 45,,,,./0.png
14.8564543631345,45.3225081070464,,Račva 45,,,,./0.png
14.8563784123779,45.3226995871208,,Račva 45,,,,./0.png
14.8563513137432,45.3227676775582,,Račva 45,,,,./0.png
14.8563154067786,45.3228580480874,,Račva 45,,,,./0.png
14.8561880518148,45.3231993371757,,Račva 45,,,,./0.png
14.8560881589503,45.3234687615008,,Račva 45,,,,./0.png
14.8561103401071,45.3234163481533,,Račva 45,,,,./0.png
14.8560101706347,45.323682078931,,Račva 45,,,,./0.png
14.8559569003744,45.3238346506752,,Račva 45,,,,./0.png
14.8559149808555,45.3239476113459,,Račva 45,,,,./0.png
14.8558829445428,45.32403200829,,Račva 45,,,,./0.png
14.8558617049013,45.3240915441572,,Račva 45,,,,./0.png
14.8558580643317,45.3241027401753,,Račva 45,,,,./0.png
14.8557901502468,45.3242896561776,,Račva 45,,,,./0.png
14.8557847218843,45.3243053258249,,Račva 45,,,,./0.png
14.855712045108,45.3245025217568,,Račva 45,,,,./0.png
14.8553806795917,45.3251092146145,,Račva 45,,,,./0.png
14.8552052009041,45.3253806989697,,Račva 45,,,,./0.png
14.8552211663263,45.3253579821332,,Račva 45,,,,./0.png
14.8552494852011,45.3253095268396,,Račva 45,,,,./0.png
14.8551707013246,45.3254399537059,,Račva 45,,,,./0.png
14.8550570660546,45.3256241409112,,Račva 45,,,,./0.png
14.8549150196806,45.3258511126724,,Račva 45,,,,./0.png
14.854749493008,45.3261179703374,,Račva 45,,,,./0.png
14.8545424949936,45.3264380426534,,Račva 45,,,,./0.png
14.8541491445443,45.3270698448956,,Račva 45,,,,./0.png
14.8540249361248,45.3272752956427,,Račva 45,,,,./0.png
14.853467695554,45.3281694759638,,Račva 45,,,,./0.png
14.8529542769077,45.3289948152449,,Račva 45,,,,./0.png
14.8529805538119,45.328950920447,,Račva 45,,,,./0.png
14.8524552104829,45.3297954326774,,Račva 45,,,,./0.png
14.8520552212833,45.3304521480864,,Račva 45,,,,./0.png
14.8518945164764,45.330710162256,,Račva 45,,,,./0.png
14.8516634173652,45.3310858534229,,Račva 45,,,,./0.png
14.8514546254508,45.331418132282,,Račva 45,,,,./0.png
14.8511439162734,45.3319254943662,,Račva 45,,,,./0.png
14.8508384139878,45.3324378800718,,Račva 45,,,,./0.png
14.8507136591073,45.3326349503256,,Račva 45,,,,./0.png
14.8501559972285,45.333560365734,,Račva 45,,,,./0.png
14.8500964671843,45.3336965712012,,Račva 45,,,,./0.png
14.8532391408118,45.3371754197757,,Račva 45,,,,./0.png
14.8535342288736,45.3373874225802,,Račva 45,,,,./0.png
14.8542535443669,45.3380275683591,,Račva 45,,,,./0.png
14.8545540332569,45.3382957253804,,Račva 45,,,,./0.png
14.8548924695067,45.3385851354372,,Račva 45,,,,./0.png
14.8551945465253,45.338836710137,,Račva 45,,,,./0.png
14.8554484834128,45.339050010019,,Račva 45,,,,./0.png
14.8556381239716,45.3392115812696,,Račva 45,,,,./0.png
14.8179650018391,45.3244748047074,,Račva 45,,,,./0.png
14.8186366882357,45.3245914572433,,Račva 45,,,,./0.png
14.8188334136875,45.3247159701079,,Račva 45,,,,./0.png
14.8190997988392,45.3249483134985,,Račva 45,,,,./0.png
14.8193044606522,45.3251891116531,,Račva 45,,,,./0.png
14.8193212973105,45.3252722196849,,Račva 45,,,,./0.png
14.819417088379,45.3255309368531,,Račva 45,,,,./0.png
14.8193807272474,45.3254464594322,,Račva 45,,,,./0.png
14.8195123470326,45.3256987011773,,Račva 45,,,,./0.png
14.8490057746791,45.3167496866804,,Račva 45,,,,./0.png
14.8493526282358,45.3171407634777,,Račva 45,,,,./0.png
14.812927679883,45.3181933536535,,Račva 45,,,,./0.png
14.813165628755,45.3185090360753,,Račva 45,,,,./0.png
14.8135667899624,45.3190286108592,,Račva 45,,,,./0.png
14.8140297286396,45.3196802982617,,Račva 45,,,,./0.png
14.8145145078586,45.3201550305832,,Račva 45,,,,./0.png
14.8147585859247,45.3202946943725,,,,,,./0.png
14.8165841744328,45.321128901844,,Račva 45,,,,./0.png
14.8172344535089,45.3213572467207,,,,,,./0.png
14.8177596277321,45.3215761858817,,,,,,./0.png
14.8179397431155,45.321679445384,,Račva 45,,,,./0.png
14.8183367097887,45.3219291586621,,Račva 45,,,,./0.png
14.7146121778912,45.3059444186212,,Račva 45,,,,./0.png
14.7251772088698,45.3233747022618,,Račva 45,,,,./0.png
14.7252876013693,45.3232954293185,,Račva 45,,,,./0.png
14.7257175658531,45.3230598648492,,Račva 45,,,,./0.png
14.7258492228272,45.3229981094156,,Račva 45,,,,./0.png
14.7260494515132,45.3229095230462,,Račva 45,,,,./0.png
14.7263258022469,45.322785133919,,Račva 45,,,,./0.png
14.7262819684255,45.3228040702972,,Račva 45,,,,./0.png
14.7272692449049,45.3225680672457,,Račva 45,,,,./0.png
14.7270701897627,45.3225823442385,,Račva 45,,,,./0.png
14.7270356307402,45.3225861270297,,Račva 45,,,,./0.png
14.7265958789906,45.3226900726157,,Račva 45,,,,./0.png
14.7276717525221,45.3225498390583,,Račva 45,,,,./0.png
14.7279083559374,45.3225422629245,,,,,,./0.png
14.7282240430921,45.3225225053332,,Račva 45,,,,./0.png
14.7285537892125,45.3224609407827,,Račva 45,,,,./0.png
14.7288569949523,45.3223464108482,,,,,,./0.png
14.7289618318923,45.3222896350478,,Račva 45,,,,./0.png
14.7297233821419,45.3219080189496,,Račva 45,,,,./0.png
14.7299463612883,45.3218299470494,,Račva 45,,,,./0.png
14.7300616341764,45.3217902496803,,Račva 45,,,,./0.png
14.7303900846881,45.3216881653177,,Račva 45,,,,./0.png
14.7311423477059,45.3217108900268,,Račva 45,,,,./0.png
14.7344085960648,45.3218992136824,,,,,,./0.png
14.7344625249509,45.3219411718984,,Račva 45,,,,./0.png
14.7341717984385,45.3217161165868,,Račva 45,,,,./0.png
14.7330678268048,45.32085342481,,,,,,./0.png
14.7330406273085,45.320809269926,,,,,,./0.png
14.7330094163249,45.3207587538241,,Račva 45,,,,./0.png
14.7336032076732,45.3210576114392,,Račva 45,,,,./0.png
14.7329024001033,45.3205658740065,,Račva 45,,,,./0.png
14.7322467830903,45.3201635596624,,Račva 45,,,,./0.png
14.7324251922642,45.3202714271743,,Račva 45,,,,./0.png
14.7321635902459,45.3201193475538,,Račva 45,,,,./0.png
14.7320960682425,45.3200839268445,,Račva 45,,,,./0.png
14.7320796213863,45.3200754833194,,Račva 45,,,,./0.png
14.7319591245301,45.3200085565085,,Račva 45,,,,./0.png
14.7314861569995,45.3197462069721,,Račva 45,,,,./0.png
14.7312117745358,45.3195500132431,,Račva 45,,,,./0.png
14.7311560275331,45.319505145704,,,,,,./0.png
14.7311494468855,45.3194993745394,,,,,,./0.png
14.7308596876599,45.3192235726562,,Račva 45,,,,./0.png
14.7306951195685,45.3190482464541,,Račva 45,,,,./0.png
14.7305970667551,45.3189406316126,,Račva 45,,,,./0.png
14.730460192359,45.318785351517,,Račva 45,,,,./0.png
14.7304237802264,45.3187422230589,,Račva 45,,,,./0.png
14.73033058288,45.3186384627131,,,,,,./0.png
14.7302586206617,45.3185532089254,,Račva 45,,,,./0.png
14.7302258107667,45.3185131958145,,Račva 45,,,,./0.png
14.729684710004,45.3179368956369,,Račva 45,,,,./0.png
14.7297125104904,45.3178961123206,,Račva 45,,,,./0.png
14.7297039029731,45.3178858102637,,Račva 45,,,,./0.png
14.7298622403244,45.3180766991861,,Račva 45,,,,./0.png
14.7299028671656,45.3181278120794,,Račva 45,,,,./0.png
14.7299952181831,45.3182382187496,,Račva 45,,,,./0.png
14.7295167840982,45.3176566800227,,Račva 45,,,,./0.png
14.7295138392976,45.3176529448672,,Račva 45,,,,./0.png
14.7294674090045,45.3175957126686,,Račva 45,,,,./0.png
14.729402772114,45.3175169610382,,Račva 45,,,,./0.png
14.7292368854141,45.3173105664934,,Račva 45,,,,./0.png
14.7291780728404,45.3172373043168,,Račva 45,,,,./0.png
14.7311286642021,45.3174869289691,,Račva 45,,,,./0.png
14.7311081106781,45.3174793215572,,Račva 45,,,,./0.png
14.7311025236751,45.3174785151024,,Račva 45,,,,./0.png
14.7309044106533,45.317446739706,,Račva 45,,,,./0.png
14.730729064684,45.3174170265143,,Račva 45,,,,./0.png
14.7304257846428,45.3173055113631,,Račva 45,,,,./0.png
14.7295344343377,45.3170204710094,,Račva 45,,,,./0.png
14.7294184564104,45.3170503482853,,Račva 45,,,,./0.png
14.7289583097897,45.3169630329766,,Račva 45,,,,./0.png
14.7289376770766,45.3169375163999,,Račva 45,,,,./0.png
14.728656654833,45.3165908440521,,Račva 45,,,,./0.png
14.7287148594948,45.3166631072107,,Račva 45,,,,./0.png
14.7287539881427,45.3167131174319,,Račva 45,,,,./0.png
14.7282909329888,45.3161463899854,,,,,,./0.png
14.7283825548853,45.3162554368689,,,,,,./0.png
14.7283852585919,45.3162587183753,,,,,,./0.png
14.7284254317782,45.3163079350304,,,,,,./0.png
14.7285649086694,45.3164775660465,,Račva 45,,,,./0.png
14.7281853111218,45.3160200281234,,Račva 45,,,,./0.png
14.7281621883152,45.3159925830211,,Račva 45,,,,./0.png
14.7280873749262,45.3159008044696,,Račva 45,,,,./0.png
14.7280505181578,45.3158556886044,,Račva 45,,,,./0.png
14.7280560585865,45.3158620737222,,Račva 45,,,,./0.png
14.7278131120363,45.3155667431663,,,,,,./0.png
14.7278896700419,45.315659808807,,Račva 45,,,,./0.png
14.7278568606396,45.3156198849909,,Račva 45,,,,./0.png
14.7279013321521,45.3156743878331,,Račva 45,,,,./0.png
14.7277602411653,45.3155034711026,,Račva 45,,,,./0.png
14.7276769596954,45.3153969828336,,Račva 45,,,,./0.png
14.7275392363132,45.3152285477614,,Račva 45,,,,./0.png
14.7274938815364,45.3151737610995,,Račva 45,,,,./0.png
14.7274626738382,45.3151356617849,,Račva 45,,,,./0.png
14.7273448854393,45.3149905727866,,Račva 45,,,,./0.png
14.727301092905,45.3149388698811,,Račva 45,,,,./0.png
14.7272956829345,45.3149323967633,,Račva 45,,,,./0.png
14.7272576800849,45.3148872628413,,Račva 45,,,,./0.png
14.726946967557,45.3145240173997,,Račva 45,,,,./0.png
14.727038090348,45.3146202793892,,Račva 45,,,,./0.png
14.727123830906,45.3147255464924,,Račva 45,,,,./0.png
14.7271670879506,45.3147780510428,,Račva 45,,,,./0.png
14.7273804917382,45.3141310231555,,Račva 45,,,,./0.png
14.727205915899,45.3142078619273,,Račva 45,,,,./0.png
14.7266062665891,45.3142431840052,,Račva 45,,,,./0.png
14.726635276026,45.3142658615214,,Račva 45,,,,./0.png
14.7264391624044,45.3141173053663,,Račva 45,,,,./0.png
14.726374973198,45.3140694247114,,Račva 45,,,,./0.png
14.7261984034392,45.3139362896539,,,,,,./0.png
14.726238120261,45.313967322492,,Račva 45,,,,./0.png
14.7259351087296,45.3137377356331,,Račva 45,,,,./0.png
14.7255996378819,45.3134857765253,,Račva 45,,,,./0.png
14.725571473862,45.3134646416722,,Račva 45,,,,./0.png
14.7254569985015,45.3133771043205,,,,,,./0.png
14.725828807143,45.313657974612,,Račva 45,,,,./0.png
14.7252180560807,45.3133627719996,,Račva 45,,,,./0.png
14.7251931626948,45.3134819787373,,Račva 45,,,,./0.png
14.7251936765131,45.3134859461834,,Račva 45,,,,./0.png
14.7252280500136,45.3136840035013,,Račva 45,,,,./0.png
14.7252621036422,45.3131774520373,,Račva 45,,,,./0.png
14.723138345567,45.3124509768806,,Račva 45,,,,./0.png
14.7227191204733,45.3124391429318,,Račva 45,,,,./0.png
14.7220834438785,45.3120202522975,,Račva 45,,,,./0.png
14.7219692527252,45.3119116587191,,Račva 45,,,,./0.png
14.7218753338878,45.3118073401852,,Račva 45,,,,./0.png
14.7218353978368,45.3117793619858,,Račva 45,,,,./0.png
14.721645318261,45.3116261221458,,Račva 45,,,,./0.png
14.7213050248419,45.3114763012852,,Račva 45,,,,./0.png
14.7213546035965,45.3114936313517,,Račva 45,,,,./0.png
14.7191947788557,45.3112259082121,,Račva 45,,,,./0.png
14.7194603124886,45.3112582154327,,,,,,./0.png
14.7210953470489,45.3114155325865,,Račva 45,,,,./0.png
14.7206992046161,45.3113265713821,,Račva 45,,,,./0.png
14.7207656648436,45.3113383155674,,Račva 45,,,,./0.png
14.720979684064,45.3113825947704,,Račva 45,,,,./0.png
14.7206001080488,45.3113103590949,,Račva 45,,,,./0.png
14.7199666107896,45.3112870766985,,Račva 45,,,,./0.png
14.7198620326044,45.3112830166474,,Račva 45,,,,./0.png
14.7196890444251,45.3112765400526,,Račva 45,,,,./0.png
14.7201645376914,45.3112913319725,,Račva 45,,,,./0.png
14.7167309398828,45.3084576756281,,Račva 45,,,,./0.png
14.7171564758924,45.3085763556515,,Račva 45,,,,./0.png
14.7174211667676,45.3086351108852,,Račva 45,,,,./0.png
14.7178394815187,45.3087076018731,,Račva 45,,,,./0.png
14.7180022830471,45.30872553072,,Račva 45,,,,./0.png
14.7183677278239,45.3087515708171,,Račva 45,,,,./0.png
14.7192765827799,45.3086347264374,,,,,,./0.png
14.7189164505543,45.3086507964164,,Račva 45,,,,./0.png
14.7194475290374,45.3086735674233,,Račva 45,,,,./0.png
14.7195296686138,45.3088564436417,,Račva 45,,,,./0.png
14.7194855942519,45.3091032227586,,Račva 45,,,,./0.png
14.7153612184428,45.3077775644402,,Račva 45,,,,./0.png
14.7152840159845,45.3075313209549,,Račva 45,,,,./0.png
14.7151400611267,45.3071447328299,,Račva 45,,,,./0.png
14.7149163695672,45.3068283482548,,Račva 45,,,,./0.png
14.7144583701266,45.3064973208614,,Račva 45,,,,./0.png
14.7142586956465,45.3062853364604,,Račva 45,,,,./0.png
14.7140105671575,45.3058459144668,,Račva 45,,,,./0.png
14.7140576677836,45.3058850760009,,Račva 45,,,,./0.png
14.713787831017,45.3054304659505,,Račva 45,,,,./0.png
14.7137157876331,45.3053369213879,,Račva 45,,,,./0.png
14.7135381721307,45.3050359228589,,Račva 45,,,,./0.png
14.7110742680178,45.3050915632732,,Račva 45,,,,./0.png
14.7112959134725,45.3051032246029,,Račva 45,,,,./0.png
14.7112915156294,45.3051295221449,,Račva 45,,,,./0.png
14.7112461657912,45.3053833872929,,,,,,./0.png
14.7112089144067,45.3054852098601,,Račva 45,,,,./0.png
14.7111596609604,45.3056483060696,,Račva 45,,,,./0.png
14.711389326454,45.3049672765069,,Račva 45,,,,./0.png
14.7113921247098,45.3049634508638,,Račva 45,,,,./0.png
14.7114891110076,45.304888210465,,Račva 45,,,,./0.png
14.7115021319805,45.3049039823211,,Račva 45,,,,./0.png
14.7115863994996,45.3048722767053,,Račva 45,,,,./0.png
14.7116651974488,45.3048360759561,,Račva 45,,,,./0.png
14.7117396754316,45.3047872091959,,,,,,./0.png
14.7121885262094,45.3046133625402,,Račva 45,,,,./0.png
14.7117013970019,45.3048122562172,,Račva 45,,,,./0.png
14.7122779190956,45.3035547052814,,Račva 45,,,,./0.png
14.7117321489363,45.3034330440764,,Račva 45,,,,./0.png
14.7117555485167,45.3029322681212,,Račva 45,,,,./0.png
14.7117166688494,45.303045403863,,Račva 45,,,,./0.png
14.7193553812516,45.3032928382839,,Račva 45,,,,./0.png
14.7191687979651,45.3033914346662,,Račva 45,,,,./0.png
14.7189055757929,45.3035307696221,,Račva 45,,,,./0.png
14.7187069714552,45.3036344870128,,Račva 45,,,,./0.png
14.7185047870426,45.3037425576034,,Račva 45,,,,./0.png
14.7183299056752,45.3038338661942,,Račva 45,,,,./0.png
14.7194155882305,45.3034103114786,,,,,,./0.png
14.7179137903798,45.3035377014515,,Račva 45,,,,./0.png
14.7179864777787,45.3034562270537,,Račva 45,,,,./0.png
14.718307924524,45.3032575109113,,Račva 45,,,,./0.png
14.7184993511658,45.3031712298526,,Račva 45,,,,./0.png
14.7189946320518,45.3028085663578,,,,,,./0.png
14.7176844968536,45.3030623161182,,Račva 45,,,,./0.png
14.7178717890709,45.3029981085878,,,,,,./0.png
14.7183200058508,45.3026358832645,,Račva 45,,,,./0.png
14.7177944380597,45.302011893992,,Račva 45,,,,./0.png
14.7177492977438,45.30212583396,,Račva 45,,,,./0.png
14.7176812678076,45.3022255584768,,Račva 45,,,,./0.png
14.7176434628841,45.3023414126599,,Račva 45,,,,./0.png
14.7176099191733,45.302390472356,,Račva 45,,,,./0.png
14.7175094719591,45.3024992294317,,Račva 45,,,,./0.png
14.71735810618,45.3026499356997,,Račva 45,,,,./0.png
14.7209202209055,45.3038156740286,,Spoj na postojeću kanalizaciju,,,,./0.png
14.7119891886876,45.3012158086859,,Račva 45,,,,./0.png
14.7120336484335,45.3012171348147,,Račva 45,,,,./0.png
14.7123129571474,45.3012395957958,,Račva 45,,,,./0.png
14.7129311107887,45.3013741756073,,Račva 45,,,,./0.png
14.7132354315737,45.301351401938,,,,,,./0.png
14.7129102199666,45.3016372431921,,Račva 45,,,,./0.png
14.7129963222066,45.3017295685466,,Račva 45,,,,./0.png
14.7130515704617,45.3017771369249,,Račva 45,,,,./0.png
14.7134109233807,45.3019144126143,,Račva 45,,,,./0.png
14.7132885268449,45.3018855010271,,Račva 45,,,,./0.png
14.7136659289695,45.3019231717961,,Račva 45,,,,./0.png
14.7136828770264,45.3019235269335,,Račva 45,,,,./0.png
14.7145715687611,45.3017593408164,,Račva 45,,,,./0.png
14.7146019835788,45.3017247211322,,Račva 45,,,,./0.png
14.7146152843916,45.3015488228152,,Račva 45,,,,./0.png
14.7143169071757,45.3012726633539,,Račva 45,,,,./0.png
14.7147640364928,45.3011809385065,,Račva 45,,,,./0.png
14.7150025429684,45.3010612039828,,Račva 45,,,,./0.png
14.7154199314051,45.3008606661847,,Račva 45,,,,./0.png
14.717126458267,45.300753378135,,Račva 45,,,,./0.png
14.7164062781366,45.3006556977049,,Račva 45,,,,./0.png
14.7162618360127,45.300687366736,,Račva 45,,,,./0.png
14.7160748248167,45.3007306088557,,Račva 45,,,,./0.png
14.707368248601,45.3023259738584,,Račva 45,,,,./0.png
14.7073320348587,45.302346192494,,Račva 45,,,,./0.png
14.7074260465669,45.30231275318,,Račva 45,,,,./0.png
14.7076500150214,45.3021977551319,,Račva 45,,,,./0.png
14.7079165197627,45.3020844141365,,Račva 45,,,,./0.png
14.7080917203703,45.3020035650816,,Račva 45,,,,./0.png
14.7082738227704,45.3019140952359,,Račva 45,,,,./0.png
14.7078330183834,45.3014081043666,,,,,,./0.png
14.7082306737025,45.3013531535154,,,,,,./0.png
14.7084662820817,45.3014594367668,,Račva 45,,,,./0.png
14.7091882261169,45.3014886697223,,Račva 45,,,,./0.png
14.7092106004952,45.3014867709459,,Račva 45,,,,./0.png
14.7075766656823,45.3017536833201,,Račva 45,,,,./0.png
14.7075831826138,45.3017532456971,,Račva 45,,,,./0.png
14.7076185910025,45.3017504719883,,Račva 45,,,,./0.png
14.7072817922993,45.3016141620873,,Račva 45,,,,./0.png
14.7072355122547,45.3019658280161,,Račva 45,,,,./0.png
14.7072095221278,45.3020096039876,,Račva 45,,,,./0.png
14.7070947489917,45.3022243126714,,Račva 45,,,,./0.png
14.7070494125171,45.3023154783948,,Račva 45,,,,./0.png
14.7067647942002,45.3029505525552,,Račva 45,,,,./0.png
14.7066086029807,45.3031239357073,,Račva 45,,,,./0.png
14.7072215324156,45.3016650489649,,Račva 45,,,,./0.png
14.7088199007655,45.3012601722175,,Račva 45,,,,./0.png
14.7089712867008,45.3012835141459,,Račva 45,,,,./0.png
14.7093645417108,45.301040235637,,Račva 45,,,,./0.png
14.7097292798195,45.3008966651741,,Račva 45,,,,./0.png
14.7102187782862,45.3007350719308,,Račva 45,,,,./0.png
14.710186378476,45.3007435628454,,Račva 45,,,,./0.png
14.7107707981782,45.3006328584805,,Račva 45,,,,./0.png
14.7109638241811,45.3005444553794,,Račva 45,,,,./0.png
14.7113785546659,45.3003436207346,,Račva 45,,,,./0.png
14.7115270239159,45.3001920670792,,Račva 45,,,,./0.png
14.7116750039938,45.2999425087283,,Račva 45,,,,./0.png
14.7118532463682,45.299496890498,,Račva 45,,,,./0.png
14.7119312579908,45.2993435129483,,Račva 45,,,,./0.png
14.7119032567783,45.2993986869779,,Račva 45,,,,./0.png
14.8067855568539,45.4733803082463,,Račva 45,,,,./0.png
14.8062866521621,45.4744493977397,,Račva 45,,,,./0.png
14.8062656413649,45.4745808251428,,Račva 45,,,,./0.png
14.8043286748621,45.4754848555676,,Račva 45,,,,./0.png
14.8044594033406,45.4756631953986,,Račva 45,,,,./0.png
14.8044513088505,45.4756551368719,,Račva 45,,,,./0.png
14.8046427723573,45.4763826033345,,Račva 45,,,,./0.png
14.804813548873,45.4765868292101,,Račva 45,,,,./0.png
14.804319653919,45.4760716741223,,Račva 45,,,,./0.png
14.8044264117348,45.4761369960429,,Račva 45,,,,./0.png
14.8044724023101,45.4761720696757,,Račva 45,,,,./0.png
14.8040865882045,45.4758569485532,,Račva 45,,,,./0.png
14.805770694746,45.4754760194994,,Račva 45,,,,./0.png
14.8057155691494,45.4755152826423,,Račva 45,,,,./0.png
14.8071001381285,45.4741715955579,,Račva 45,,,,./0.png
14.8071221271229,45.4738133748573,,Račva 45,,,,./0.png
14.8071137024843,45.473911033014,,Račva 45,,,,./0.png
14.8046358300524,45.4759238354341,,Račva 45,,,,./0.png
14.7141653918295,45.3044169941928,,Račva 45,,,,./0.png
14.7152804877963,45.3054412045729,,Račva 45,,,,./0.png
14.715778059517,45.3058244308174,,Račva 45,,,,./0.png
14.7159798624129,45.3060149821644,,Račva 45,,,,./0.png
14.7158679983642,45.3059188695583,,Račva 45,,,,./0.png
14.7177486996068,45.310018539173,,Račva 45,,,,./0.png
14.7175761207805,45.3098712567296,,Račva 45,,,,./0.png
14.7166141830673,45.304693918546,,Račva 45,,,,./0.png
14.716967643326,45.3042765747126,,Račva 45,,,,./0.png
14.9358058714281,45.372209651172,,,,,,./0.png
14.9375337847148,45.3724441470193,,,,,,./0.png
14.9426216156848,45.368626036874,,Račva 45,,,,./0.png
14.9418445063779,45.3688207512012,,Račva 45,,,,./0.png
14.9417398388206,45.3685954236871,,Račva 45,,,,./0.png
14.941718728757,45.3685139494687,,Račva 45,,,,./0.png
14.941888691492,45.3690847267258,,Račva 45,,,,./0.png
14.9427031862903,45.3685189627286,,Račva 45,,,,./0.png
14.9403707652815,45.3670297854252,,Račva 45,,,,./0.png
14.9402913979608,45.3673858465767,,Račva 45,,,,./0.png
14.9403011978251,45.3676652082441,,Račva 45,,,,./0.png
14.9055726489148,45.4259789309668,,Račva 45,,,,./0.png
14.906498586937,45.4255611930618,,Račva 45,,,,./0.png
14.9055290979987,45.432652056533,,Račva 45,,,,./0.png
14.9073337685092,45.4304813865291,,Račva 45,,,,./0.png
14.9073189967039,45.4291237691908,,Račva 45,,,,./0.png
14.907251748842,45.4289546578227,,Račva 45,,,,./0.png
14.9070906748733,45.4287746544977,,Račva 45,,,,./0.png
14.9071573909389,45.428836087903,,Račva 45,,,,./0.png
14.9055470635367,45.428034135616,,Račva 45,,,,./0.png
14.9054924437923,45.4277028060985,,Račva 45,,,,./0.png
14.9054158261608,45.4273035547788,,Račva 45,,,,./0.png
14.9062032600436,45.4285172590635,,Račva 45,,,,./0.png
14.9059327741112,45.4279544710868,,Račva 45,,,,./0.png
14.905927940063,45.4277825932142,,Račva 45,,,,./0.png
14.9287382020627,45.441095934651,,Račva 45,,,,./0.png
14.9290222242473,45.441188298205,,Račva 45,,,,./0.png
14.9331331065136,45.4412625934716,,Račva 45,,,,./0.png
14.9382089366781,45.4431349885483,,Račva 45,,,,./0.png
14.9397080508943,45.4430916809893,,,,,,./0.png
14.9406940414613,45.4429652205749,,Račva 45,,,,./0.png
14.941529857363,45.44282374435,,Račva 45,,,,./0.png
14.9416560749436,45.4427987410236,,Račva 45,,,,./0.png
14.9419998554806,45.4427320730522,,,,,,./0.png
14.9419927878582,45.4427334164001,,Račva 45,,,,./0.png
14.9422330970538,45.4426270020972,,Račva 45,,,,./0.png
14.9428362707181,45.442596444507,,Račva 45,,,,./0.png
14.9430835109289,45.4425864976323,,,,,,./0.png
14.9428047684056,45.4424684151897,,,,,,./0.png
14.9434419562004,45.4426000225559,,Račva 45,,,,./0.png
14.943409841933,45.4425174278564,,,,,,./0.png
14.9439500132635,45.4426628275501,,,,,,./0.png
14.9438325868435,45.4426470996918,,Račva 45,,,,./0.png
14.9441504394051,45.4426911143037,,Račva 45,,,,./0.png
14.9450361401698,45.4428550736682,,,,,,./0.png
14.7222421329263,45.2930284430874,,Račva 45,,,,./0.png
14.7224545553093,45.2926973548214,,Račva 45,,,,./0.png
14.7225097031458,45.2913282356969,,Račva 45,,,,./0.png
14.7217993238682,45.2912469840032,,Račva 45,,,,./0.png
14.7217260815238,45.2912449434445,,Račva 45,,,,./0.png
14.721506342395,45.2912351317884,,Račva 45,,,,./0.png
14.7209625883345,45.2910725113251,,Račva 45,,,,./0.png
14.7194773313068,45.2909833985739,,Račva 45,,,,./0.png
14.7228770750482,45.2913666198165,,Račva 45,,,,./0.png
14.722897903272,45.2911732897442,,Račva 45,,,,./0.png
14.7229400233606,45.2903228384134,,Račva 45,,,,./0.png
14.7229586942233,45.2900761118083,,Račva 45,,,,./0.png
14.7230036129962,45.2893767938177,,Račva 45,,,,./0.png
14.7230003785186,45.2894885086481,,Račva 45,,,,./0.png
14.7230145963766,45.2892373932712,,Račva 45,,,,./0.png
14.7230119658319,45.2892603892755,,Račva 45,,,,./0.png
14.7230516190007,45.2888806268479,,Račva 45,,,,./0.png
14.7230937778883,45.2885593956253,,Račva 45,,,,./0.png
14.7231471159689,45.2881618484761,,Račva 45,,,,./0.png
14.7231272057855,45.2883258568602,,Račva 45,,,,./0.png
14.7229446420912,45.2869201531361,,Račva 45,,,,./0.png
14.7229122561177,45.286922693034,,Račva 45,,,,./0.png
14.7227093442516,45.2870906295264,,Račva 45,,,,./0.png
14.7223499831698,45.2874774143884,,Račva 45,,,,./0.png
14.722014719657,45.2878421978792,,Račva 45,,,,./0.png
14.7208886462023,45.2883527933002,,Račva 45,,,,./0.png
14.720216169591,45.2885728885758,,Račva 45,,,,./0.png
14.7235829110627,45.2859368972895,,Račva 45,,,,./0.png
14.7235832363971,45.2857224015315,,Račva 45,,,,./0.png
14.7236017944294,45.2856369062156,,Račva 45,,,,./0.png
14.7236580602117,45.2852939373002,,Račva 45,,,,./0.png
14.7236576802413,45.285316245595,,Račva 45,,,,./0.png
14.7236581262401,45.2851947030154,,Račva 45,,,,./0.png
14.7232250887651,45.2840804280594,,Račva 45,,,,./0.png
14.7227676297627,45.2834767851176,,Račva 45,,,,./0.png
14.7228392093274,45.2834849918848,,Račva 45,,,,./0.png
14.7232123751608,45.2830981598685,,Račva 45,,,,./0.png
14.7231920190509,45.2829993054372,,Račva 45,,,,./0.png
14.7226984561739,45.2824785950831,,Račva 45,,,,./0.png
14.722366985415,45.2822272273563,,Račva 45,,,,./0.png
14.7220821022918,45.2822881231183,,Račva 45,,,,./0.png
14.7200991161119,45.2825882046784,,,,,,./0.png
14.7228190359398,45.2959706723079,,Spoj na postojeću kanalizaciju,,,,./0.png
14.7236724617505,45.2860796892743,,Redukcija,,,,./0.png
14.7233785275931,45.2863604683451,,Račva 45,,,,./0.png
14.7233280717325,45.2864413024543,,Račva 45,,,,./0.png
14.7232003968579,45.2867619230538,,Račva 45,,,,./0.png
14.72318409726,45.2869246378487,,Redukcija,,,,./0.png
14.7240563381573,45.2858169562292,,Račva 45,,,,./0.png
14.7247227074156,45.285382327751,,Račva 45,,,,./0.png
14.724858407433,45.2852984989005,,Račva 45,,,,./0.png
14.7248810235961,45.2852845423998,,Račva 45,,,,./0.png
14.7255678105365,45.2851063325735,,Račva 45,,,,./0.png
14.7256889622999,45.2850556622336,,Račva 45,,,,./0.png
14.7257374037469,45.2847572044798,,Račva 45,,,,./0.png
14.7256505348963,45.2843094234681,,Račva 45,,,,./0.png
14.7254119860559,45.283722323086,,,,,,./0.png
14.7254201079055,45.2835436428804,,Račva 45,,,,./0.png
14.7253309101794,45.282103885902,,Račva 45,,,,./0.png
14.7252812053794,45.2819401447732,,Račva 45,,,,./0.png
14.7252861274871,45.2817210101045,,Račva 45,,,,./0.png
14.7252912042976,45.2818198060342,,Račva 45,,,,./0.png
14.7252247003304,45.2814835664014,,Račva 45,,,,./0.png
14.7252299258371,45.2814999354843,,Račva 45,,,,./0.png
14.7251455458752,45.2812197545659,,Račva 45,,,,./0.png
14.7251227256389,45.2809727382009,,Račva 45,,,,./0.png
14.726019222498,45.2849175327996,,Račva 45,,,,./0.png
14.7263375862275,45.2849074506838,,Račva 45,,,,./0.png
14.7263665833105,45.2846069808324,,Račva 45,,,,./0.png
14.7263458755504,45.2848214608162,,Račva 45,,,,./0.png
14.7268324187405,45.2849327740022,,Račva 45,,,,./0.png
14.7270991224186,45.2849360156228,,Račva 45,,,,./0.png
14.7271868033856,45.2849489855061,,Račva 45,,,,./0.png
14.7275822015763,45.2850358433307,,Račva 45,,,,./0.png
14.7300956789145,45.2843989317491,,Račva 45,,,,./0.png
14.7311641684044,45.2839025571101,,Račva 45,,,,./0.png
14.7312615232672,45.2842522293428,,Račva 45,,,,./0.png
14.7312135043458,45.2840459525882,,Račva 45,,,,./0.png
14.732629506445,45.2833553533884,,Račva 45,,,,./0.png
14.7324391907333,45.2834292572336,,Račva 45,,,,./0.png
14.733243618035,45.2831433066706,,Račva 45,,,,./0.png
14.7329764585865,45.2832288906532,,Račva 45,,,,./0.png
14.7343885805847,45.2827153961682,,Račva 45,,,,./0.png
14.7347558590745,45.2841893214499,,Račva 45,,,,./0.png
14.9386560485356,45.3713721705721,,Račva 45,,,,./0.png
14.9385934996062,45.371618961403,,Račva 45,,,,./0.png
14.9371984861365,45.3725508548601,,Račva 45,,,,./0.png
14.9371776741864,45.3726868961408,,Račva 45,,,,./0.png
14.9369115920683,45.3720943748581,,Račva 45,,,,./0.png
14.9369332934804,45.3720217808128,,Račva 45,,,,./0.png
14.9369722143623,45.3718660188572,,Račva 45,,,,./0.png
14.9333086173703,45.3726481445919,,Račva 45,,,,./0.png
14.9326905392951,45.3731063343605,,Račva 45,,,,./0.png
14.9335570885471,45.3730079907974,,Račva 45,,,,./0.png
14.9339763181138,45.3730096914177,,,,,,./0.png
14.9346914643678,45.3730864467306,,Račva 45,,,,./0.png
14.9344858205701,45.3730573515342,,Račva 45,,,,./0.png
14.9350516354523,45.373155633777,,Račva 45,,,,./0.png
14.9349433435273,45.3731380420185,,Račva 45,,,,./0.png
14.9355994805959,45.3734843030572,,Kraj cijevi,,,,./0.png
14.935583150013,45.3732894380088,,Račva 45,,,,./0.png
14.9354656416536,45.3732634417025,,Račva 45,,,,./0.png
14.9376715478133,45.3736307334065,,Spoj na postojeću kanalizaciju,,,,./0.png
14.9377017549832,45.3734425344756,,Spoj na postojeću kanalizaciju,,,,./0.png
14.9383654345196,45.3736917870917,,Račva 45,,,,./0.png
14.9382224237286,45.3736738136338,,Račva 45,"791.74","790.99","0.75",./0.png
14.9388039188657,45.3738198047097,,Račva 45,"792.45","790.69","1.76",./0.png
14.9386158132054,45.3737934763602,,Račva 45,"792.10","790.67","1.43",./0.png
14.9390441548964,45.3738586336166,,Račva 45,"792.58","790.85","1.73",./0.png
14.940145637283,45.3754031706341,,Račva 45,"792.93","791.78","1.15",./0.png
14.9406486524532,45.3754714418395,,Račva 45,"793.51","791.96","1.55",./0.png
14.7219481909941,45.2820129237909,,Račva 45,,,,./0.png
14.7218631829693,45.2819757846843,,Račva 45,,,,./0.png
14.7215184266497,45.28183975238,,Račva 45,,,,./0.png
14.7207959896745,45.2815568229554,,Račva 45,,,,./0.png
14.7206297517942,45.2814474164588,,Račva 45,,,,./0.png
14.7204104750344,45.2811876227188,,Račva 45,,,,./0.png
14.7200774622921,45.2807252919501,,,,,,./0.png
14.7196489371132,45.2803785455597,,,,,,./0.png
14.7196509356611,45.280127239703,,Račva 45,,,,./0.png
14.7195636891782,45.2800084509593,,Račva 45,,,,./0.png
14.7195561153462,45.2799971903036,,Račva 45,,,,./0.png
14.7194849632498,45.279891402236,,Račva 45,,,,./0.png
14.7194118104686,45.2797606784578,,Račva 45,,,,./0.png
14.7192038799809,45.2792486423541,,Račva 45,,,,./0.png
14.7192255696793,45.279313142227,,Račva 45,,,,./0.png
14.7190949725042,45.2790133039675,,Račva 45,,,,./0.png
14.7200987063668,45.2789251115098,,Račva 45,,,,./0.png
14.7208458421924,45.278854325211,,Račva 45,,,,./0.png
14.7237398552735,45.2801639269397,,,,,,./0.png
14.7241475015309,45.2796446468302,,Račva 45,,,,./0.png
14.721062181607,45.2788401192424,,Račva 45,,,,./0.png
14.7188418927399,45.2788371492068,,Račva 45,,,,./0.png
14.7231792456123,45.287598973088,,Račva 45,,,,./0.png
14.7296845765795,45.2859230763882,,Račva 45,,,,./0.png
14.7305075003494,45.2869131033119,,Račva 45,,,,./0.png
14.7304376403321,45.2867819878463,,Račva 45,,,,./0.png
14.7306261600464,45.2871516108465,,Račva 45,,,,./0.png
14.730750024686,45.2874113461004,,Račva 45,,,,./0.png
14.7316202449557,45.2879051134369,,Račva 45,,,,./0.png
14.7329444053889,45.288595555148,,Račva 45,,,,./0.png
14.7328905901497,45.2885591770013,,Račva 45,,,,./0.png
14.7339898417801,45.2891270012344,,Račva 45,,,,./0.png
14.7344527446779,45.2894389495091,,Račva 45,,,,./0.png
14.7348244218885,45.2898356041782,,Račva 45,,,,./0.png
14.7350049448835,45.2900779430223,,Račva 45,,,,./0.png
14.7362730614488,45.2900981684206,,Račva 45,,,,./0.png
14.7186889143378,45.2787593757311,,Račva 45,,,,./0.png
14.7180680414337,45.2781212884087,,Račva 45,,,,./0.png
14.7179893471477,45.2779002262733,,Račva 45,,,,./0.png
14.7179477151384,45.2777316977433,,Račva 45,,,,./0.png
14.7176556727722,45.2780985526238,,Račva 45,,,,./0.png
14.7176014373624,45.2782349380289,,Račva 45,,,,./0.png
14.7175325781288,45.2783458084212,,Račva 45,,,,./0.png
14.7174327656068,45.2785048791553,,,,,,./0.png
14.7173700423101,45.2787006141384,,,,,,./0.png
14.7171262204871,45.2788996406145,,,,,,./0.png
14.7171077156345,45.2789125799315,,,,,,./0.png
14.7171802543756,45.2793070292729,,,,,,./0.png
14.7168555923226,45.2796197187511,,,,,,./0.png
14.7165938438512,45.2797174858736,,,,,,./0.png
14.7166568592968,45.2797163598796,,,,,,./0.png
14.7168420666484,45.2797130502929,,,,,,./0.png
14.7167649055767,45.2801065892439,,,,,,./0.png
14.7166805697891,45.2802149676728,,,,,,./0.png
14.7164964275348,45.280388468328,,,,,,./0.png
14.716388050322,45.28057251102,,,,,,./0.png
14.7164029294949,45.2805410676073,,Račva 45,,,,./0.png
14.7162318782128,45.2807892927661,,,,,,./0.png
14.716120050458,45.2808837328166,,,,,,./0.png
14.7168232188051,45.2812598886787,,,,,,./0.png
