X,Y,id,Oznaka,Materijal,Visina1,Visina2,Visina3,icon_url
14.804186985516,45.3764594721756,,KP17-RO6,,,,,./0.png
14.8042709368806,45.3760368801723,,KP17-RO5,,,,,./0.png
14.8049294061645,45.3754133850478,,KP18-RO2,,,,,./0.png
14.8054541706369,45.3726796805949,,KP16-RO9,,,,,./0.png
14.8053903802786,45.3728686922371,,KP16-RO8c,,,,,./0.png
14.8053095127714,45.373074950916,,KP16-RO8a,,,,,./0.png
14.8053323640823,45.3730134543786,,KP16-RO8b,,,,,./0.png
14.8052381253672,45.3732448050306,,KP16-RO7,,,,,./0.png
14.8051722777686,45.3734682169626,,KP16-RO6a,,,,,./0.png
14.8051167122451,45.3737973802625,,KP16-RO5b,,,,,./0.png
14.8051124280302,45.3738260672577,,KP16-RO5b,,,,,./0.png
14.8051130814662,45.3740059940617,,KP16-RO4,,,,,./0.png
14.8050272898392,45.3742368303865,,KP16-RO5b,,,,,./0.png
14.8049986946044,45.3742905167418,,KP16-RO3a,,,,,./0.png
14.8049309271998,45.3744670545026,,KP16-RO2c,,,,,./0.png
14.8048839210678,45.3745438355954,,KP16-RO2b,,,,,./0.png
14.8048651923019,45.3745766136809,,KP16-RO2a,,,,,./0.png
14.8047839157867,45.3747974910377,,KP16-RO1,,,,,./0.png
14.8041160541547,45.3721171679291,,KP-RO27,,,,,./0.png
14.80341437872,45.371786389659,,KP3-RO25,,,,,./0.png
14.8011399441194,45.3708153888051,,KP15-RO1b,,,,,./0.png
14.8010765358638,45.370910661559,,KP15-RO1a,,,,,./0.png
14.8013540780593,45.3710034486317,,KP15-RO2a,,,,,./0.png
14.801309935236,45.3711042794196,,KP15-RO2b,,,,,./0.png
14.8018817780135,45.3712699869583,,KP15-RO6,,,,,./0.png
14.8020991904185,45.3712208122181,,KP15-RO7,,,,,./0.png
14.8026349389127,45.3714085656963,,KP15-RO9,,,,,./0.png
14.8015176095608,45.3712517216915,,KP15-RO3,,,,,./0.png
14.8015552472975,45.3712711311191,,KP15-RO4,,,,,./0.png
14.797595007924,45.3719224838737,,KP3-RO1d,,,,,./0.png
14.797673167599,45.3718386233966,,KP3-RO1c,,,,,./0.png
14.7979229391788,45.3717812669708,,KP3-RO1c,,,,,./0.png
14.7982965523433,45.3716533489537,,KP3-RO1a,,,,,./0.png
14.7983172172491,45.3716622262444,,KP3-RO1b,,,,,./0.png
14.7982407876752,45.3718958740886,,KP3-RO2b,,,,,./0.png
14.7983230499015,45.3718449770821,,KP3-RO2a,,,,,./0.png
14.7987661232961,45.3722981539837,,KP3-RO4,,,,,./0.png
14.7990762267399,45.3725619368779,,KP3-RO5a,,,,,./0.png
14.7991561821622,45.3724642927597,,KP3-RO5b,,,,,./0.png
14.7995024666073,45.3724156408676,,KP3-RO6b,,,,,./0.png
14.7994515204825,45.3723495787447,,KP3-RO6c,,,,,./0.png
14.7992969392721,45.3726415719093,,KP3-RO6a,,,,,./0.png
14.799789699809,45.3727385525106,,KP3-RO8b,,,,,./0.png
14.7997528942216,45.3728289751571,,KP3-RO8a,,,,,./0.png
14.80013221133,45.3728591110499,,KP3-RO9,,,,,./0.png
14.8003948164407,45.3729932416125,,KP3-RO10,,,,,./0.png
14.800493666738,45.373042085517,,KP3-RO11,,,,,./0.png
14.8006277911882,45.3730854853663,,KP3-RO12b,,,,,./0.png
14.8007252972649,45.3731350677078,,KP3-RO12a,,,,,./0.png
14.800906872205,45.3732441002053,,KP3-RO13b,,,,,./0.png
14.8009307599853,45.3732564407052,,KP3-RO13a,,,,,./0.png
14.8008121553683,45.3733198850637,,KP3-RO13c,,,,,./0.png
14.8003239992294,45.373292205598,,KP13-RO3a,,,,,./0.png
14.8001698928644,45.3733377648125,,KP13-RO3b,,,,,./0.png
14.8001130715167,45.3732858596192,,KP13-RO3c,,,,,./0.png
14.8004789511187,45.373449480706,,KP13-RO2a,,,,,./0.png
14.8002923604751,45.3735684182998,,KP14-RO21b,,,,,./0.png
14.8003516454264,45.3736380276613,,KP14-RO1a,,,,,./0.png
14.8003087538836,45.3736895604699,,KP14-RO2b,,,,,./0.png
14.8001072288215,45.3739772039124,,KP14-RO2a,,,,,./0.png
14.7986513498877,45.3724755925921,,KP11-RO1,,,,,./0.png
14.7987247543602,45.3742255027892,,KP11-RO8,,,,,./0.png
14.7984378325875,45.3741625112063,,KP11-RO7,,,,,./0.png
14.7988798903743,45.3739284038677,,KP11-RO6a,,,,,./0.png
14.7988841576956,45.3739119190525,,KP11-RO6b,,,,,./0.png
14.7986566461988,45.3736569407874,,KP11-RO5a,,,,,./0.png
14.7987129110932,45.3736258245256,,KP11-RO5b,,,,,./0.png
14.7990288792389,45.373432670423,,KP11-RO5c,,,,,./0.png
14.7987493453292,45.3732599033328,,KP11-RO4b,,,,,./0.png
14.7986241888376,45.373241952844,,KP11-RO4a,,,,,./0.png
14.7986000604672,45.3729846953484,,KP11-RO3,,,,,./0.png
14.8015811720919,45.3766130468906,,KP2-RO24,,,,,./0.png
14.7988468682889,45.3745439050677,,KP2-RO11,,,,,./0.png
14.7991266440134,45.3744811732506,,KP2-RO12,,,,,./0.png
14.7999425586024,45.3746320889957,,,,,,,./0.png
14.8012045897835,45.3750740335902,,KP2-RO18,,,,,./0.png
14.8013227977207,45.3746992470528,,KP10-RO2,,,,,./0.png
14.8013022540069,45.3744045725376,,KP10-RO3,,,,,./0.png
14.8006094397194,45.3743457602498,,KP9-RO3,,,,,./0.png
14.7999359834726,45.3743141514373,,KP8-RO2,,,,,./0.png
14.7995345330963,45.3744192383793,,KP8-RO1b,,,,,./0.png
14.7995230306067,45.3744560676867,,KP8-RO1a,,,,,./0.png
14.7999287855269,45.3730520951571,,KP12-RO1,,,,,./0.png
14.7994521409193,45.3737291729786,,KP12-RO3,,,,,./0.png
14.7996224810548,45.3738173465617,,KP12-RO4c,,,,,./0.png
14.7994418494291,45.3738752893869,,KP12-RO4b,,,,,./0.png
14.7994362029261,45.3739094726431,,KP12-RO4a,,,,,./0.png
14.7996479696242,45.3740357911542,,KP12-RO5c,,,,,./0.png
14.7996239864833,45.3740618727023,,KP12-RO5b,,,,,./0.png
14.7993954027548,45.3740786122353,,KP12-RO5a,,,,,./0.png
14.7947672456619,45.3722860413118,,KP7-RO1n,,,,,./0.png
14.7955946816177,45.3730805517297,,KP7-RO1,,,,,./0.png
14.7958128279869,45.3733196275444,,KP7-RO2,,,,,./0.png
14.7954823039448,45.3739863467215,,KP19-RO2a,,,,,./0.png
14.7954650715673,45.3740903007149,,KP19-RO2b,,,,,./0.png
14.7960003448755,45.3741399873896,,KP7-RO8,,,,,./0.png
14.7962171401111,45.3743580443,,KP7-RO9,,,,,./0.png
14.7964571885556,45.3746199273856,,KP7-RO10,,,,,./0.png
14.7967059274483,45.3746227387826,,KP7-RO11,,,,,./0.png
14.7969176717099,45.3746459756597,,KP7-RO,,,,,./0.png
14.7970676452917,45.3763233451791,,KP2-RO1a,,,,,./0.png
14.7972191323984,45.3757049292786,,KP2-RO4,,,,,./0.png
14.7949069234449,45.3789746693855,,KP1-RO8,,,,,./0.png
14.7934093601705,45.3792655212133,,KP1-RO3a,,,,,./0.png
14.793455209699,45.3794035928737,,KP1-RO3b,,,,,./0.png
14.7928415903538,45.3796292577063,,KP1-RO1,,,,,./0.png
14.7954081054302,45.3796938571301,,KP4-RO5,,,,,./0.png
14.7958194559631,45.3798641498974,,KP4-RO8c,,,,,./0.png
14.7960223398559,45.3798880979996,,KP4-RO8a,,,,,./0.png
14.7959242696074,45.3799786979761,,KP4-RO8b,,,,,./0.png
14.7960018627787,45.3801438126822,,KP5-RO1a,,,,,./0.png
14.7959843838482,45.380310031757,,KP5-RO2,,,,,./0.png
14.7961245547567,45.3804221370858,,KP5-RO3a,,,,,./0.png
14.7961543267792,45.3804315018491,,KP5-RO3b,,,,,./0.png
14.7963541366948,45.3803172207886,,KP6-RO1,,,,,./0.png
14.7963171396481,45.380163102298,,KP5-RO1b,,,,,./0.png
14.7963438343236,45.3798493674833,,KP4-RO9a,,,,,./0.png
14.7964324489862,45.3799843030214,,KP4-RO10b,,,,,./0.png
14.7966154617874,45.379816559845,,KP4-RO10a,,,,,./0.png
14.7972712441565,45.3800674629694,,KP4-RO12,,,,,./0.png
14.79713059903,45.3803925743214,,KP4-RO14,,,,,./0.png
14.796969052039,45.3807189454308,,KP4-RO15,,,,,./0.png
14.7915046565287,45.3842629794873,,SKP1-RO2,,,,,./0.png
14.7904639024432,45.3845345209564,,SKP1-RO6,,,,,./0.png
14.7902676433279,45.3846269425033,,SKP1-RO7,,,,,./0.png
14.7903220985893,45.3847517261437,,SKP1-RO8,,,,,./0.png
14.7898009340531,45.384955313912,,SKP1-RO10,,,,,./0.png
14.7894829542326,45.3856915016394,,SKP1-RO15,,,,,./0.png
14.7918416994371,45.3851303654883,,SKP2-RO37a,,,,,./0.png
14.7915674813551,45.3851106276421,,SKP2-RO36a,,,,,./0.png
14.7908937522483,45.3853394464478,,SKP2-RO33a,,,,,./0.png
14.7905265037603,45.385705316043,,SKP2-RO31a,,,,,./0.png
14.7901761701224,45.3860011808295,,SKP2-RO30a,,,,,./0.png
14.7901394535438,45.3863279967826,,SKP7-RO2a,,,,,./0.png
14.7903716640629,45.3864417992925,,SKP7-RO3a,,,,,./0.png
14.7906294635193,45.386234851908,,SKP7-RO4b,,,,,./0.png
14.790726249292,45.3863162730111,,SKP7-RO4a,,,,,./0.png
14.7909521516845,45.3861049288705,,SKP7-RO5a,,,,,./0.png
14.79116880112,45.3860595085007,,SKP7-RO5b,,,,,./0.png
14.7912723326261,45.3857463641199,,SKP7-RO7a,,,,,./0.png
14.7914357302166,45.385867142433,,SKP7-RO7a,,,,,./0.png
14.791573660229,45.3857015760362,,SKP7-RO8b,,,,,./0.png
14.7914658686662,45.3855830541086,,SKP7-RO8a,,,,,./0.png
14.7898177558277,45.3868354413255,,SKP2-RO25b,,,,,./0.png
14.7898286355204,45.3868605642154,,SKP2-RO25a,,,,,./0.png
14.7898470535469,45.3872752023176,,SKP2-RO22a,,,,,./0.png
14.7899557454602,45.3873736618081,,SKP2-RO22b,,,,,./0.png
14.7900996986534,45.3875329193987,,SKP2-RO21a,,,,,./0.png
14.7902610388814,45.3874976494208,,SKP2-RO21b,,,,,./0.png
14.7903440831333,45.3878035391979,,SKP2-RO20a,,,,,./0.png
14.7905331380099,45.38784288632,,SKP2-RO20b,,,,,./0.png
14.7904449886968,45.3879299140367,,SKP2-RO19a,,,,,./0.png
14.7909680697837,45.3890265158607,,SKP2-RO14a,,,,,./0.png
14.7909063420553,45.3890999634281,,SKP5-RO1a,,,,,./0.png
14.7905182149034,45.3892802313033,,SKP5-RO3a,,,,,./0.png
14.7903448248348,45.3890199486961,,SKP6-RO7a,,,,,./0.png
14.7902641591671,45.3888545790105,,SKP6-RO6a,,,,,./0.png
14.7901041993013,45.3886501898108,,SKP6-RO5a,,,,,./0.png
14.7899783638853,45.3884897822955,,SKP6-RO3a,,,,,./0.png
14.7901039125829,45.3884119686676,,SKP6-RO3a,,,,,./0.png
14.7902091024022,45.3884864976844,,SKP6-RO3a,,,,,./0.png
14.7906627536717,45.3884560761851,,SKP6-RO1a,,,,,./0.png
14.7906442582833,45.3883739389377,,SKP6-RO1b,,,,,./0.png
14.7913461878924,45.3890086105437,,SKP2-RO14b,,,,,./0.png
14.7911702351619,45.3888216932701,,SKP2-RO15a,,,,,./0.png
14.7910945453134,45.3886404722932,,SKP2-RO16a,,,,,./0.png
14.7909404096685,45.3886937145854,,SKP2-RO16B,,,,,./0.png
14.7932793525314,45.3909218311398,,SKP2-RO4b,,,,,./0.png
14.793203113279,45.3908546993562,,SKP2-RO4a,,,,,./0.png
14.7929494993141,45.3908389694064,,SKP2-RO5b,,,,,./0.png
14.7929362675602,45.3908276976203,,SKP2-RO5a,,,,,./0.png
14.7926585364245,45.3906286095831,,SKP2-RO6b,,,,,./0.png
14.7928125034115,45.3904359263378,,SKP2-RO6a,,,,,./0.png
14.7924058623851,45.3903386451842,,SKP2-RO7a,,,,,./0.png
14.7923953181693,45.3902098524332,,SKP2-RO8a,,,,,./0.png
14.7921955624599,45.3898538785909,,SKP2-RO9a,,,,,./0.png
14.7919790177,45.3896191337167,,SKP4-RO1a,,,,,./0.png
14.7921276488822,45.3896730358535,,SKP4-RO1b,,,,,./0.png
14.792136419351,45.3895619237701,,SKP4-RO2a,,,,,./0.png
14.7920896986904,45.3893962778314,,SKP4-RO2b,,,,,./0.png
14.7913047977059,45.3905448158713,,SKP21-RO1d,,,,,./0.png
14.791267624934,45.390278330135,,SKP21-RO1a,,,,,./0.png
14.7912929493479,45.3902649086263,,SKP21-RO1b,,,,,./0.png
14.7913874507802,45.3902077116539,,SKP21-RO1c,,,,,./0.png
14.7910675500795,45.3903032530303,,SKP3-RO3a,,,,,./0.png
14.7908982751406,45.3900607920639,,SKP22-RO1a,,,,,./0.png
14.7912532365619,45.3898657434594,,SKP3-RO2a,,,,,./0.png
14.791584417855,45.389805065743,,SKP3-RO1a,,,,,./0.png
14.7917185531796,45.3899478307889,,SKP3-RO1b,,,,,./0.png
14.7914231569266,45.389497889675,,SKP2-RO11a,,,,,./0.png
14.7973155463877,45.3912413927856,,,,,,,./0.png
14.7968865412186,45.3912197544983,,SKP24-RO1,,,,,./0.png
14.7961210449915,45.3912202917197,,SKP24-RO3,,,,,./0.png
14.7947373735598,45.3911558251742,,SKP24-RO7,,,,,./0.png
14.7975534836602,45.3917176879045,,SKP14-RO10,,,,,./0.png
14.7937157559736,45.3915807220222,,SKP10-RO1a,,,,,./0.png
14.7915516218785,45.3912922193132,,SKP10-RO3a,,,,,./0.png
14.8085960203685,45.406010651953,,SK15-KP2,,,,,./0.png
14.8066147075775,45.395505972791,,SKP23-RO2,,,,,./0.png
14.8063795255806,45.3955386820709,,SKP23-RO1,,,,,./0.png
14.8058725891766,45.395511368122,,SKP9-RO7,,,,,./0.png
14.8068945753354,45.395836164036,,SKP9-RO3,,,,,./0.png
14.8077878962191,45.3962321049999,,SKP8-RO1,,,,,./0.png
14.8079342945989,45.39648854316,,SKP8-RO2,,,,,./0.png
14.8079727204205,45.3968473820279,,SKP8-RO3,,,,,./0.png
14.8080397945082,45.3969596654971,,SKP8-RO4,,,,,./0.png
14.8083000501429,45.3972215560372,,SKP8-RO5,,,,,./0.png
14.8083651021836,45.3973179328333,,SKP8-RO6b,,,,,./0.png
14.8083968376658,45.397361776551,,SKP8-RO6a,,,,,./0.png
14.8087029393789,45.3977037702991,,SKP8-RO8,,,,,./0.png
14.7948460428685,45.3922160762233,,SKP16-RO4,,,,,./0.png
14.7954264502076,45.3925007725572,,SKP18-RO1,,,,,./0.png
14.793497226557,45.3933991494744,,SKP11-RO9,,,,,./0.png
14.7935939720992,45.3932072864155,,SKP11-RO8,,,,,./0.png
14.7937166059674,45.3927035736406,,SKP11-RO6,,,,,./0.png
14.7937872993232,45.392100998263,,SKP11-RO3,,,,,./0.png
14.7938538056065,45.3919465228207,,SKP11-RO2,,,,,./0.png
14.7934115799173,45.3921599430844,,SKP13-RO2,,,,,./0.png
14.7936817204892,45.3923247082255,,SKP12-RO1b,,,,,./0.png
14.7935972387883,45.3924290014055,,SKP12-RO1a,,,,,./0.png
14.7918170894566,45.3930303278099,,SKP12-RO8a,,,,,./0.png
14.7919630548143,45.3930677776738,,SKP12-RO8b,,,,,./0.png
14.7921477430947,45.3931895536555,,SKP20-RO1a,,,,,./0.png
14.7922144291436,45.3930422889116,,SKP12-RO7,,,,,./0.png
14.7923723334011,45.3928522243498,,SKP12-RO6a,,,,,./0.png
14.7924630273787,45.3927943133059,,SKP12-RO6b,,,,,./0.png
14.7925108733216,45.3926542881383,,SKP12-RO5a,,,,,./0.png
14.7925307391764,45.3926448423817,,SKP12-RO5b,,,,,./0.png
14.7926559399161,45.3926903843858,,SKP12-RO5c,,,,,./0.png
14.7928696706607,45.3925864494078,,SKP12-RO4a,,,,,./0.png
14.7928653745603,45.3924779503982,,SKP12-RO4b,,,,,./0.png
14.7931790683945,45.3924674725005,,SKP12-RO3,,,,,./0.png
14.793221707578,45.3923585667534,,,,,,,./0.png
14.7996997285757,45.3933875330977,,,,,,,./0.png
14.7997520353067,45.3935963001755,,,,,,,./0.png
14.8002361875173,45.3937544050581,,,,,,,./0.png
14.8006126682563,45.3936723894393,,,,,,,./0.png
14.8007527206014,45.3943320018469,,,,,,,./0.png
14.8024756558614,45.3944936459421,,,,,,,./0.png
14.8035271812453,45.3946835022576,,,,,,,./0.png
14.8012756519555,45.3940875371608,,,,,,,./0.png
14.8027683310426,45.3969578342555,,,,,,,./0.png
14.7954831841517,45.3930095629388,,,,,,,./0.png
14.7957659568876,45.3930583472309,,,,,,,./0.png
14.7970422518693,45.3924467065754,,,,,,,./0.png
14.796381878299,45.3921207424274,,,,,,,./0.png
14.7960257184293,45.392127058381,,,,,,,./0.png
14.7946535936698,45.3916999002769,,,,,,,./0.png
14.7977058237952,45.3931442826858,,,,,,,./0.png
14.7977703312129,45.3930839474638,,,,,,,./0.png
14.7981033942461,45.3932395466499,,,,,,,./0.png
14.798214493371,45.3933344418604,,,,,,,./0.png
14.7987321280418,45.3935221484703,,,,,,,./0.png
14.7987437874189,45.3937216844658,,,,,,,./0.png
14.7988609393052,45.3936435770485,,,,,,,./0.png
14.7991662421558,45.3942200057136,,,,,,,./0.png
14.7991520982894,45.3937534818969,,,,,,,./0.png
14.7993148784122,45.39390389331,,,,,,,./0.png
14.7993591320163,45.3938806979789,,,,,,,./0.png
14.798863430572,45.3938752246493,,,PVC,,,,./0.png
14.7989313535822,45.3939400667064,,,PVC,,,,./0.png
14.7993240887084,45.3942747489567,,,PVC,,,,./0.png
14.7994092893486,45.3943742465028,,,PVC,,,,./0.png
14.7995358092865,45.394461164598,,,PVC,,,,./0.png
14.7997107310839,45.3943651063218,,,PVC,,,,./0.png
14.7996707144405,45.3942928079381,,,PVC,,,,./0.png
14.7999423264896,45.3945331129298,,,PVC,,,,./0.png
14.7995129100217,45.394690322038,,,BETONSKO,,,,./0.png
14.7996859098502,45.3946502252553,,,,,,,./0.png
14.799816903693,45.3946568787266,,,,,,,./0.png
14.7999518507155,45.3950053866005,,,PVC,,,,./0.png
14.7999702689685,45.3950657423982,,,PVC,,,,./0.png
14.8001246418835,45.3949762511749,,,BETONSKO,,,,./0.png
14.797679503,45.375101351,,,,,,,./0.png
14.798216219,45.374894378,,,PVC,,,,./0.png
14.8005027743865,45.3953715640203,,,,,,,./0.png
14.8006286504644,45.3955785417656,,,,,,,./0.png
14.800696371013,45.3956934180197,,,,,,,./0.png
14.8005987251153,45.3950523438959,,,,,,,./0.png
14.8008717372355,45.3953265670605,,,BETONSKO,,,,./0.png
14.8008438833956,45.3953416436519,,,BETONSKO,,,,./0.png
14.8007454373574,45.3958266300822,,,,,,,./0.png
14.8009001002828,45.395736436795,,,,,,,./0.png
14.8009131533201,45.3957621614532,,,,,,,./0.png
14.8008745712348,45.3960172527631,,,,,,,./0.png
14.8010313727254,45.3959934685787,,,,,,,./0.png
14.8009635669671,45.3958424416394,,,,,,,./0.png
14.800908080069,45.3961149059852,,,,,,,./0.png
14.800977359076,45.3962626688343,,,BETONSKO,,,,./0.png
14.8010427266341,45.3963807404694,,,,,,,./0.png
14.8008889975694,45.3964377267606,,,BETONSKO,,,,./0.png
14.8011509025531,45.3965195777748,,,,,,,./0.png
14.8011812083576,45.3965682354553,,,,,,,./0.png
14.8011905913043,45.3966465907938,,,,,,,./0.png
14.8013119878738,45.3968576544531,,,,,,,./0.png
14.801205382214,45.3968836868452,,,,,,,./0.png
14.802049766829,45.3976808323335,,,,,,,./0.png
14.8016545989702,45.3975566336822,,,,,,,./0.png
14.8015871340664,45.3974571740271,,,,,,,./0.png
14.8014499227435,45.3974761630452,,,,,,,./0.png
14.801486042996,45.3974985788144,,,,,,,./0.png
14.8014642621643,45.3972289825344,,,,,,,./0.png
14.8014275643236,45.3970457416259,,,,,,,./0.png
14.8016443697566,45.3978644472408,,,BETONSKO,,,,./0.png
14.8018337193013,45.3979328920174,,,,,,,./0.png
14.8008094011138,45.3974851287462,,,,,,,./0.png
14.8007733303184,45.3974047923772,,,,,,,./0.png
14.8008123919362,45.3977368991301,,,BETONSKO,,,,./0.png
14.801171760496,45.3975962626108,,,,,,,./0.png
14.8022242640996,45.398076453918,,,,,,,./0.png
14.8023038635925,45.398150956496,,,,,,,./0.png
14.802608211233,45.398687409454,,,BETONSKO,,,,./0.png
14.8020795878271,45.3983332171451,,,,,,,./0.png
14.8020354424099,45.3982749067644,,,,,,,./0.png
14.8024568851345,45.3988101261541,,,,,,,./0.png
14.8025163696527,45.3988837702275,,,,,,,./0.png
14.8026929323775,45.3991311035595,,,,,,,./0.png
14.8025305406001,45.3991956477038,,,,,,,./0.png
14.8028803585917,45.3993401180375,,,,,,,./0.png
14.8027272003005,45.3994160803823,,,,,,,./0.png
14.80303540411,45.399531168232,,,,,,,./0.png
14.8032970534989,45.3998493763009,,,,,,,./0.png
14.8033748678343,45.3999538058415,,,,,,,./0.png
14.8034675238896,45.4000511514986,,,,,,,./0.png
14.8035724753576,45.40017623453,,,,,,,./0.png
14.803790277339,45.4005694089058,,,,,,,./0.png
14.8038751403647,45.4005309448813,,,,,,,./0.png
14.8039484768758,45.4006007207544,,,,,,,./0.png
14.804115662138,45.4007634522687,,,,,,,./0.png
14.8042841654528,45.4008996031076,,,,,,,./0.png
14.8041443861676,45.4003086981564,,,,,,,./0.png
14.804250546416,45.4006077127557,,,,,,,./0.png
14.8046718726527,45.4010409123337,,,,,,,./0.png
14.8047008863167,45.4011107026703,,,,,,,./0.png
14.8047321540619,45.4011562898569,,,,,,,./0.png
14.8044366701108,45.4012772742078,,,,,,,./0.png
14.8048862238891,45.4012630070658,,,,,,,./0.png
14.804613463675,45.401462770385,,,,,,,./0.png
14.804740748867,45.4013592288777,,,,,,,./0.png
14.8048813901174,45.4014821213268,,,,,,,./0.png
14.805075419746,45.4014454638775,,,,,,,./0.png
14.8049635123441,45.4015609102512,,,,,,,./0.png
14.8051428232133,45.4017243986172,,,,,,,./0.png
14.805006823485,45.4017907387544,,,,,,,./0.png
14.8052829758318,45.4018638116542,,,,,,,./0.png
14.805638639522,45.4019646585675,,,,,,,./0.png
14.8057349508764,45.4020786563885,,,,,,,./0.png
14.805909191097,45.4020206278971,,,,,,,./0.png
14.8063174530924,45.4019189631403,,,,,,,./0.png
14.8057950825766,45.4022015021272,,,,,,,./0.png
14.8058422319025,45.4022728524773,,,,,,,./0.png
14.8058709574517,45.4023151954697,,,,,,,./0.png
14.8054647969078,45.4022825859286,,,,,,,./0.png
14.8055962264467,45.4024552953083,,,,,,,./0.png
14.805644502595,45.4025962589655,,,BETONSKO,,,,./0.png
14.805719262332,45.4027499453748,,,,,,,./0.png
14.8059442393286,45.4030060716197,,,,,,,./0.png
14.8061765832531,45.4031265391047,,,,,,,./0.png
14.8062768682688,45.4032559014145,,,,,,,./0.png
14.806191585954,45.4034472516175,,,,,,,./0.png
14.8064599693192,45.403334316287,,,,,,,./0.png
14.8063618866987,45.4033424167556,,,,,,,./0.png
14.806403311133,45.4035059195898,,,,,,,./0.png
14.8062990858922,45.4028598962211,,,,,,,./0.png
14.8065058480131,45.4029085759449,,,,,,,./0.png
14.8063564677958,45.4029654592062,,,,,,,./0.png
14.8064591444493,45.4030868461357,,,,,,,./0.png
14.8065588902071,45.4032062483068,,,,,,,./0.png
14.8066814130278,45.4033520552107,,,,,,,./0.png
14.8067167502032,45.403388775765,,,,,,,./0.png
14.7136871336345,45.3055144029998,,,,,,,./0.png
14.8065662619444,45.4038606580325,,,,,,,./0.png
14.8064212559139,45.403941674659,,,,,,,./0.png
14.8070178269072,45.4039001090309,,,,,,,./0.png
14.8071470984714,45.4037874163595,,,,,,,./0.png
14.8073460006495,45.4039372826208,,,,,,,./0.png
14.8074272252516,45.4041712985987,,,,,,,./0.png
14.806997686227,45.4044184998265,,,,,,,./0.png
14.8070973377077,45.4045669676556,,,,,,,./0.png
14.8071199668941,45.404295779769,,,,,,,./0.png
14.8075087225069,45.4048188126525,,,,,,,./0.png
14.807762649971,45.4055512031404,,,,,,,./0.png
14.808793229945,45.4061110239999,,,,,,,./0.png
14.8085960203685,45.406010651953,,,,,,,./0.png
14.8047324875835,45.3942817423894,,,,,,,./0.png
14.7941887385742,45.4036397137782,,,,,,,./0.png
14.7947841071536,45.4023376843623,,,,,,,./0.png
14.7929782408871,45.4018593038859,,,,,,,./0.png
14.7963153611062,45.3978830858133,,,,,,,./0.png
14.7965805254466,45.396871634388,,,,,,,./0.png
14.7977417982532,45.3986370288361,,,,,,,./0.png
14.7960414784193,45.4010576802078,,,,,,,./0.png
14.7961388235353,45.4003180945821,,,,,,,./0.png
14.7973493715155,45.3998330370544,,,,,,,./0.png
14.7999183713089,45.3986354400974,,,,,,,./0.png
14.799736204541,45.3982061920188,,,,,,,./0.png
14.7992627311091,45.3983162134627,,,,,,,./0.png
14.7989754756517,45.3972094205723,,,,,,,./0.png
14.7990649877987,45.3973208973972,,,,,,,./0.png
14.7991791825499,45.397452628803,,,,,,,./0.png
14.7995516422763,45.3976142124203,,,,,,,./0.png
14.7997514072605,45.3972693893468,,,,,,,./0.png
14.7970902810267,45.3951796627214,,,,,,,./0.png
14.7976216372117,45.3965522307736,,,,,,,./0.png
14.7978420803579,45.3967354899754,,,,,,,./0.png
14.7982675372325,45.3974160998861,,,,,,,./0.png
14.798605994174,45.3976295519751,,,,,,,./0.png
14.7974595044427,45.3970598568731,,,,,,,./0.png
14.8042240849175,45.4012603108327,,,,,,,./0.png
14.8043532886451,45.4013169528641,,,,,,,./0.png
14.8043936944523,45.4014171787641,,,,,,,./0.png
14.8041259651105,45.4013403242428,,,,,,,./0.png
14.803789173827,45.4012136779268,,,,,,,./0.png
14.8036977476622,45.4011667283154,,,,,,,./0.png
14.8034695056643,45.4010483646383,,,,,,,./0.png
14.8034084233541,45.4009066183871,,,,,,,./0.png
14.8032669058964,45.4009405860191,,,,,,,./0.png
14.8032952972997,45.4008554919963,,,,,,,./0.png
14.8030400744287,45.4007832456525,,,,,,,./0.png
14.8031145323691,45.4007123716414,,,,,,,./0.png
14.8029350216372,45.4007247536091,,,,,,,./0.png
14.8028424764546,45.4005536606802,,,,,,,./0.png
14.8026483986626,45.4004608668064,,,,,,,./0.png
14.8025931162652,45.4004160478526,,,,,,,./0.png
14.8024311873824,45.4002807890156,,,,,,,./0.png
14.8023805236185,45.4002302185875,,,,,,,./0.png
14.8022384707908,45.4005056992206,,,,,,,./0.png
14.8021062628717,45.4003585209849,,,,,,,./0.png
14.8022047201379,45.4001441567276,,,,,,,./0.png
14.8022331764179,45.4002633505581,,,,,,,./0.png
14.8023448928554,45.3999820573023,,,,,,,./0.png
14.8021551204541,45.3998596173656,,,,,,,./0.png
14.8021993477226,45.3996660323887,,,,,,,./0.png
14.802013079366,45.3994550388756,,,,,,,./0.png
14.8018972502922,45.3993377588936,,,,,,,./0.png
14.8015161344974,45.3991436183188,,,,,,,./0.png
14.8016146974209,45.3992302713627,,,,,,,./0.png
14.801659145706,45.3992676949817,,,,,,,./0.png
14.8017157086036,45.3991639400878,,,,,,,./0.png
14.8013183988959,45.3989989287249,,,,,,,./0.png
14.7939282652031,45.4058088943264,,,,,,,./0.png
14.7939241789046,45.4055853605854,,,,,,,./0.png
14.7936340027372,45.4049853243486,,,,,,,./0.png
14.8532615295875,45.3155580521882,,,,,,,./0.png
14.8538609287595,45.3153884528252,,,,,,,./0.png
14.8538021383931,45.3156830942508,,,,,,,./0.png
14.8540540501035,45.3156431673904,,,,,,,./0.png
14.8535500559045,45.3151774107674,,,,,,,./0.png
14.8537058516375,45.3149817925412,,,,,,,./0.png
14.8537859017789,45.3148556833713,,,,,,,./0.png
14.8541010202119,45.3147242307536,,,,,,,./0.png
14.8538949640055,45.3146904537478,,,,,,,./0.png
14.8540519046553,45.3145571313708,,,,,,,./0.png
14.8528933760875,45.313808238473,,,,,,,./0.png
14.8540093298654,45.3141662687073,,,,,,,./0.png
14.8560895120043,45.3232500213422,,,,,,,./0.png
14.8171904785363,45.3244184947367,,,,,,,./0.png
14.8180175526438,45.3244958151898,,,,,,,./0.png
14.8186252213974,45.3246021186031,,,,,,,./0.png
14.8191461567469,45.3247878319323,,,,,,,./0.png
14.81908513055,45.324958273855,,,,,,,./0.png
14.8193671168601,45.3252487427956,,,,,,,./0.png
14.8192843264759,45.3251918739895,,,,,,,./0.png
14.8194736024898,45.3255188322473,,,,,,,./0.png
14.8193533224974,45.3254518371613,,,,,,,./0.png
14.8196254201202,45.3258720366414,,,,,,,./0.png
14.819571554182,45.3257101508088,,,,,,,./0.png
14.8489431657909,45.3167718152779,,,,,,,./0.png
14.8493827027461,45.3171203169618,,,,,,,./0.png
14.8500489509337,45.3172096888753,,,,,,,./0.png
14.7150706377031,45.3063814133313,,,,,,,./0.png
14.7147904827645,45.3062120265239,,,,,,,./0.png
14.71463283097,45.3060869551368,,,,,,,./0.png
14.7145453510661,45.3059672799496,,,,,,,./0.png
14.7146310495617,45.3059396129687,,,,,,,./0.png
14.7143243579152,45.3054400101168,,,,,,,./0.png
14.724860357637,45.3244278505185,,,,,,,./0.png
14.724410821617,45.3239054121125,,,,,,,./0.png
14.725193371223,45.3234004199689,,,,,,,./0.png
14.7253012928832,45.3233308272644,,,,,,,./0.png
14.7258437286368,45.3230270000467,,,,,,,./0.png
14.7260383066299,45.3229641523313,,,,,,,./0.png
14.726185227589,45.3227689121114,,,,,,,./0.png
14.7262971824933,45.3228315728709,,,,,,,./0.png
14.7265713329285,45.322753132622,,,,,,,./0.png
14.726925401985,45.3226316588714,,,,,,,./0.png
14.727029696226,45.3226373278028,,,,,,,./0.png
14.7272537312619,45.3225910431833,,,,,,,./0.png
14.7269272766894,45.3225429602264,,,,,,,./0.png
14.7285358243042,45.3224807292998,,,,,,,./0.png
14.7295243352349,45.3220040090837,,,,,,,./0.png
14.7297238739543,45.3219372725416,,,,,,,./0.png
14.7298713924944,45.3218902463778,,,,,,,./0.png
14.7300609983709,45.3218270447499,,,,,,,./0.png
14.7303689725881,45.3217148343945,,,,,,,./0.png
14.7344787121281,45.3219169455675,,,,,,,./0.png
14.7344478391306,45.3218924415078,,,,,,,./0.png
14.7342070122474,45.3216953341054,,,,,,,./0.png
14.732885854531,45.3207205766032,,,,,,,./0.png
14.7329449078289,45.3208150776259,,,,,,,./0.png
14.7330019349082,45.3209009084503,,,,,,,./0.png
14.7336613352148,45.3210957655263,,,,,,,./0.png
14.7335994969275,45.3210661928434,,,,,,,./0.png
14.7328135227655,45.3206059827776,,,,,,,./0.png
14.7330442650177,45.3205650998544,,,,,,,./0.png
14.732228381141,45.3201113519093,,,,,,,./0.png
14.7323238024178,45.3202791263014,,,,,,,./0.png
14.732455433159,45.3202423793732,,,,,,,./0.png
14.7319072686204,45.3200353797347,,,,,,,./0.png
14.7320873138853,45.3200332182578,,,,,,,./0.png
14.7320618849643,45.3201166929889,,,,,,,./0.png
14.7321770410104,45.3200805911691,,,,,,,./0.png
14.7314976166477,45.3198124353789,,,,,,,./0.png
14.7310999212385,45.3195373919657,,,,,,,./0.png
14.7311605125167,45.3196192295025,,,,,,,./0.png
14.7311877275008,45.3194906988338,,,,,,,./0.png
14.7308392977912,45.3192926371934,,,,,,,./0.png
14.7307875278141,45.3190749648565,,,,,,,./0.png
14.7307071561681,45.3191532685569,,,,,,,./0.png
14.7306291073037,45.3190914074665,,,,,,,./0.png
14.7306913783943,45.3189512718028,,,,,,,./0.png
14.7304092647628,45.3188397246704,,,,,,,./0.png
14.7304888024703,45.3187431407621,,,,,,,./0.png
14.7304001441907,45.318641070594,,,,,,,./0.png
14.7301159836398,45.3183127107806,,,,,,,./0.png
14.7299599411186,45.3183265796816,,,,,,,./0.png
14.730327708318,45.3185546396699,,,,,,,./0.png
14.7302880770606,45.3185165905698,,,,,,,./0.png
14.7299406718781,45.3182818270731,,,,,,,./0.png
14.7299808799922,45.3181498085916,,,,,,,./0.png
14.7299411804641,45.3180934908181,,,,,,,./0.png
14.7298210172713,45.3181266331608,,,,,,,./0.png
14.7297654104621,45.3178521186287,,,,,,,./0.png
14.7296709820384,45.3179476612853,,,,,,,./0.png
14.7296761543949,45.3179535906772,,,,,,,./0.png
14.7295938927693,45.3178673668842,,,,,,,./0.png
14.729566422599,45.3176354927132,,,,,,,./0.png
14.7294470895135,45.3176911444484,,,,,,,./0.png
14.729524225937,45.3175815657372,,,,,,,./0.png
14.7293611567844,45.3175794870397,,,,,,,./0.png
14.7291706639932,45.3173522836276,,,,,,,./0.png
14.7292326717055,45.3172411206618,,,,,,,./0.png
14.7318376991801,45.3176838254473,,,,,,,./0.png
14.7311840159789,45.3174501716122,,,,,,,./0.png
14.731138635189,45.3174534280541,,,,,,,./0.png
14.7309210068719,45.3174708435702,,,,,,,./0.png
14.7295227295017,45.3169908635516,,,,,,,./0.png
14.72972515765,45.3169904926692,,,,,,,./0.png
14.7294547000304,45.3170701676593,,,,,,,./0.png
14.7289018780098,45.3170344177544,,,,,,,./0.png
14.7288732068624,45.3169967181331,,,,,,,./0.png
14.728696551881,45.3165834540824,,,,,,,./0.png
14.7286903223822,45.3167546939606,,,,,,,./0.png
14.7286336678243,45.3167268187577,,,,,,,./0.png
14.7286111575415,45.3164628056734,,,,,,,./0.png
14.7283561612537,45.3163451949941,,,,,,,./0.png
14.7283137186333,45.3162951332124,,,,,,,./0.png
14.7284307942179,45.3162463766754,,,,,,,./0.png
14.7283163770093,45.3161157390403,,,,,,,./0.png
14.7281129456998,45.315841539454,,,,,,,./0.png
14.7279933150156,45.3159068137474,,,,,,,./0.png
14.7281431911686,45.3159064399825,,,,,,,./0.png
14.7282177805322,45.3159972251566,,,,,,,./0.png
14.7281291963927,45.3160730599639,,,,,,,./0.png
14.7278652532738,45.3157761438741,,,,,,,./0.png
14.7279639698401,45.3156534929492,,,,,,,./0.png
14.7277941663854,45.3156589564498,,,,,,,./0.png
14.7278790132316,45.3155638965175,,,,,,,./0.png
14.7276997715343,45.3155448267314,,,,,,,./0.png
14.7277319169284,45.3153933364832,,,,,,,./0.png
14.727582075815,45.3152208439056,,,,,,,./0.png
14.7274211437204,45.3152363432052,,,,,,,./0.png
14.7275076664284,45.3151284413196,,,,,,,./0.png
14.7273865481554,45.3149797011652,,,,,,,./0.png
14.7272347790968,45.3149795046204,,,,,,,./0.png
14.7272025633764,45.3149328407522,,,,,,,./0.png
14.7273515991205,45.3149347946594,,,,,,,./0.png
14.7272201997352,45.3147722165806,,,,,,,./0.png
14.7270710338025,45.314778539348,,,,,,,./0.png
14.7269879896297,45.314680873042,,,,,,,./0.png
14.7268999443955,45.3145881683246,,,,,,,./0.png
14.726669872875,45.3142443518581,,,,,,,./0.png
14.7265253876402,45.3142969102985,,,,,,,./0.png
14.7263969260312,45.3140443891794,,,,,,,./0.png
14.726498228701,45.3140841174803,,,,,,,./0.png
14.7261717816051,45.3140087661231,,,,,,,./0.png
14.7262282667191,45.3139152465136,,,,,,,./0.png
14.7258567816167,45.3137791727892,,,,,,,./0.png
14.7258571799814,45.3136356485812,,,,,,,./0.png
14.7255998231081,45.3134389857926,,,,,,,./0.png
14.7255227221122,45.3135187765413,,,,,,,./0.png
14.7254838331958,45.3133550244396,,,,,,,./0.png
14.7251854071414,45.3137344536938,,,,,,,./0.png
14.7251653406126,45.3134989139018,,,,,,,./0.png
14.7252398641009,45.3135016920525,,,,,,,./0.png
14.7251835907375,45.3133678155179,,,,,,,./0.png
14.7251805784124,45.3131661062211,,,,,,,./0.png
14.7227157826272,45.3124724764242,,,,,,,./0.png
14.7220490950818,45.3119074127493,,,,,,,./0.png
14.7220473771613,45.3120316590637,,,,,,,./0.png
14.7218341138111,45.3118285652828,,,,,,,./0.png
14.7217891063445,45.3117833204305,,,,,,,./0.png
14.7215979387206,45.3116281738241,,,,,,,./0.png
14.7213267307343,45.311512184574,,,,,,,./0.png
14.7213133929365,45.3114085808826,,,,,,,./0.png
14.7211064952473,45.3113527148499,,,,,,,./0.png
14.7209505794447,45.3114038283419,,,,,,,./0.png
14.7207474860535,45.311389415296,,,,,,,./0.png
14.7209161299086,45.3112698397506,,,,,,,./0.png
14.7205776746864,45.3113629222847,,,,,,,./0.png
14.7199446563793,45.3113283987626,,,,,,,./0.png
14.7198586404766,45.3113383962147,,,,,,,./0.png
14.7196661806158,45.3113183878103,,,,,,,./0.png
14.7194175559165,45.3112918340083,,,,,,,./0.png
14.7191726809981,45.3112595789323,,,,,,,./0.png
14.716748817828,45.3084487760899,,,,,,,./0.png
14.7171765489275,45.3085665904432,,,,,,,./0.png
14.7174421044155,45.308609971217,,,,,,,./0.png
14.7176514124331,45.3086414048695,,,,,,,./0.png
14.7180358085723,45.3087015772654,,,,,,,./0.png
14.7182552303341,45.3087195794944,,,,,,,./0.png
14.7184005025122,45.3087271556008,,,,,,,./0.png
14.7184436533588,45.3087785820015,,,,,,,./0.png
14.718823905606,45.3087064950286,,,,,,,./0.png
14.7189670683783,45.3086674238349,,,,,,,./0.png
14.718963817497,45.3086042916883,,,,,,,./0.png
14.7192510912289,45.3087767795399,,,,,,,./0.png
14.7194805842088,45.3086361080416,,,,,,,./0.png
14.7196270797017,45.3089141149527,,,,,,,./0.png
14.7194064226073,45.3091146764172,,,,,,,./0.png
14.7153200133493,45.307522074942,,,,,,,./0.png
14.7151975069811,45.3071468906354,,,,,,,./0.png
14.7149807303318,45.3068133366163,,,,,,,./0.png
14.7142936582269,45.3062724750732,,,,,,,./0.png
14.7142056777101,45.3060082446452,,,,,,,./0.png
14.7142095635819,45.3057667780916,,,,,,,./0.png
14.7138387618489,45.3054126352098,,,,,,,./0.png
14.7136439762397,45.3053695388144,,,,,,,./0.png
14.7133886747114,45.3050535610242,,,,,,,./0.png
14.7135621369119,45.3050362078216,,,,,,,./0.png
14.7110547219077,45.3050967462892,,,,,,,./0.png
14.7110766182694,45.305069553075,,,,,,,./0.png
14.7112451332654,45.3051527322889,,,,,,,./0.png
14.7111699346399,45.3054757803725,,,,,,,./0.png
14.7112010746062,45.3056817104541,,,,,,,./0.png
14.7113553348025,45.3049573852926,,,,,,,./0.png
14.7114201090603,45.3049778373455,,,,,,,./0.png
14.7114513041709,45.3048779895547,,,,,,,./0.png
14.7114827265659,45.3048803715047,,,,,,,./0.png
14.7116084194629,45.3049019576411,,,,,,,./0.png
14.7116782352748,45.3048472586762,,,,,,,./0.png
14.7117114409337,45.3048213223225,,,,,,,./0.png
14.71172031869,45.3047782672004,,,,,,,./0.png
14.7122160726542,45.3046497889932,,,,,,,./0.png
14.7119480086883,45.3046909453161,,,,,,,./0.png
14.7116657393705,45.303415986121,,,,,,,./0.png
14.7117414081025,45.3035116585084,,,,,,,./0.png
14.7116816383679,45.3030239780251,,,,,,,./0.png
14.711849688996,45.302898737195,,,,,,,./0.png
14.7117387029954,45.302815110046,,,,,,,./0.png
14.7193273836768,45.3032747640363,,,,,,,./0.png
14.7194466540016,45.3034485008432,,,,,,,./0.png
14.7191229829057,45.3033763220369,,,,,,,./0.png
14.7188575890124,45.3035198524392,,,,,,,./0.png
14.7186515302837,45.3036254331823,,,,,,,./0.png
14.7184542848905,45.3037305211509,,,,,,,./0.png
14.7182786569241,45.3038293769942,,,,,,,./0.png
14.7178750407029,45.3035127999307,,,,,,,./0.png
14.7179626668189,45.3034388477271,,,,,,,./0.png
14.7182747211015,45.3032183879996,,,,,,,./0.png
14.7184410619058,45.3031309956804,,,,,,,./0.png
14.7189566504979,45.3028039244534,,,,,,,./0.png
14.7178425045125,45.3029682254768,,,,,,,./0.png
14.7176233700185,45.303039404892,,,,,,,./0.png
14.7182715837501,45.302642956615,,,,,,,./0.png
14.7178442751147,45.302057305863,,,,,,,./0.png
14.7176789115675,45.3021298645812,,,,,,,./0.png
14.7177186838619,45.3022400906458,,,,,,,./0.png
14.717669769942,45.3023686396985,,,,,,,./0.png
14.7175841220426,45.302383590524,,,,,,,./0.png
14.7174741587767,45.3024948986536,,,,,,,./0.png
14.7173731528761,45.3026621390029,,,,,,,./0.png
14.7120088593205,45.3012390636319,,,,,,,./0.png
14.7123541478124,45.3012800153506,,,,,,,./0.png
14.7129564721032,45.3014030087173,,,,,,,./0.png
14.7132461113451,45.3013036955027,,,,,,,./0.png
14.7128912492078,45.3016728514367,,,,,,,./0.png
14.7134509315248,45.3019559831078,,,,,,,./0.png
14.7133279923038,45.3018631716735,,,,,,,./0.png
14.7137013255679,45.3019532415931,,,,,,,./0.png
14.7137391362888,45.3018861622312,,,,,,,./0.png
14.7142580742351,45.3019320743662,,,,,,,./0.png
14.7145928212485,45.3017850497229,,,,,,,./0.png
14.7145375229277,45.3017309121927,,,,,,,./0.png
14.7146604623157,45.3015638373094,,,,,,,./0.png
14.7143031652961,45.3013042141673,,,,,,,./0.png
14.7147613010374,45.3012152711125,,,,,,,./0.png
14.7150052242253,45.3011098393631,,,,,,,./0.png
14.7154188503689,45.3008951146537,,,,,,,./0.png
14.717096255605,45.3007811182736,,,,,,,./0.png
14.7163489678579,45.3006209670012,,,,,,,./0.png
14.716265456459,45.3007182891451,,,,,,,./0.png
14.7160347897326,45.3007101860101,,,,,,,./0.png
14.7069029802574,45.3025070127859,,,,,,,./0.png
14.7073112354567,45.3023304780051,,,,,,,./0.png
14.707347967505,45.30230999755,,,,,,,./0.png
14.7074380596398,45.3022674079113,,,,,,,./0.png
14.7076398961489,45.3021749193425,,,,,,,./0.png
14.7085642488288,45.3017901495757,,,,,,,./0.png
14.7082512109377,45.3018830545355,,,,,,,./0.png
14.7080772963946,45.3019797618881,,,,,,,./0.png
14.7079695546186,45.3020281042147,,,,,,,./0.png
14.7078766339451,45.3020674103149,,,,,,,./0.png
14.7078238714033,45.3013706158186,,SK25-KP4,,,,,./0.png
14.7081924141154,45.3013290662779,,SK25-KP1,,,,,./0.png
14.7084124332962,45.301472809928,,SK25-KP1,,,,,./0.png
14.7089433252874,45.3015680671978,,SK26-KP2,,,,,./0.png
14.709204114675,45.3015186149243,,SK26-KP3b,,,,,./0.png
14.7092095158193,45.3014645269244,,SK26-KP3a,,,,,./0.png
14.7093814359008,45.3014553447818,,SK26-KP4,,,,,./0.png
14.7078752505836,45.3016824204179,,,,,,,./0.png
14.7076063975062,45.3017772769421,,,,,,,./0.png
14.7076329608651,45.3017759841611,,,,,,,./0.png
14.707568255169,45.3017171061938,,,,,,,./0.png
14.7071797229367,45.3016767208315,,,,,,,./0.png
14.7072943449859,45.3016042805307,,,,,,,./0.png
14.7073349944027,45.3013988464738,,,,,,,./0.png
14.7072815468882,45.3019738398275,,,,,,,./0.png
14.7071647651261,45.3019934233108,,,,,,,./0.png
14.7070477576353,45.3021981082092,,,,,,,./0.png
14.7070165025606,45.3022996636686,,,,,,,./0.png
14.7067195139031,45.3023039984041,,,,,,,./0.png
14.7067243329018,45.3029396584704,,,,,,,./0.png
14.7065795280111,45.3030997222325,,,,,,,./0.png
14.7087141642283,45.3012287274452,,SK19-KP15b,,,,,./0.png
14.7087864325473,45.301286373589,,SK19-KP15a,,,,,./0.png
14.710216790524,45.3007617671795,,SK19-KP9,,,,,./0.png
14.7101251750976,45.300719206586,,SK19-KP10,,,,,./0.png
14.7107332913268,45.3006091438396,,SK19-KP7,,,,,./0.png
14.7113180792269,45.3003244958154,,SK19-KP5,,,,,./0.png
14.7115523553953,45.3002137010069,,SK19-KP4,,,,,./0.png
14.7116694201565,45.2999011168195,,SK19-KP3,,,,,./0.png
14.711807380604,45.2994997717104,,SK19-KP1a,,,,,./0.png
14.7119414007581,45.2994264606727,,SK19-KP1b,,,,,./0.png
14.7118862017122,45.2993328186929,,SK19-KP1c,,,,,./0.png
14.8046114341711,45.476397911453,,,,,,,./0.png
14.7184325459635,45.3111431624791,,,,,,,./0.png
14.7178067636447,45.3106017069556,,,,,,,./0.png
14.7145312790699,45.304611195672,,,,,,,./0.png
14.7152926723048,45.3055799947411,,,,,,,./0.png
14.7157561718069,45.3058408443208,,,,,,,./0.png
14.7160051683803,45.306003526349,,,,,,,./0.png
14.7159428697723,45.3061961245905,,,,,,,./0.png
14.7060180091019,45.3031904348649,,,,,,,./0.png
14.7079738831312,45.3034722222319,,,,,,,./0.png
14.7089459967963,45.3036810288261,,,,,,,./0.png
14.7094390829395,45.3036579800299,,,,,,,./0.png
14.7102030031904,45.3038611200404,,,,,,,./0.png
14.7102917940957,45.3040533763657,,,,,,,./0.png
14.7113910425832,45.3040391344671,,,,,,,./0.png
14.7113414266796,45.3039159975156,,,,,,,./0.png
14.7114457517613,45.3035604505371,,,,,,,./0.png
14.7112265548635,45.3031085246993,,,,,,,./0.png
14.7112546949356,45.3026391326745,,,,,,,./0.png
14.7113874763625,45.3016757941932,,,,,,,./0.png
14.9384336327585,45.3717710802091,,,,,,,./0.png
14.9384438987371,45.3717231503301,,,,,,,./0.png
14.9384681412358,45.3715844324007,,,,,,,./0.png
14.9383639728787,45.3715692596222,,,,,,,./0.png
14.9384081325792,45.3718564990028,,,,,,,./0.png
14.9381214516439,45.3718261655354,,,,,,,./0.png
14.9380202309336,45.3718122178155,,,,,,,./0.png
14.9378952127148,45.3717967995225,,,,,,,./0.png
14.9367736737365,45.3732361145749,,,,,,,./0.png
14.9368372609024,45.373245984598,,,,,,,./0.png
14.9368728012994,45.3732515020398,,,,,,,./0.png
14.936942005518,45.3732622479178,,,,,,,./0.png
14.9369794097872,45.3732680362953,,,,,,,./0.png
14.9370542310488,45.3732796760105,,,,,,,./0.png
14.9370953757538,45.373286060282,,,,,,,./0.png
14.9371302906655,45.3732914873197,,,,,,,./0.png
14.9372051120242,45.3733030999407,,,,,,,./0.png
14.9372362737664,45.3733079400107,,,,,,,./0.png
14.9372874015084,45.3733158773592,,,,,,,./0.png
14.9348085105678,45.3727401630573,,,,,,,./0.png
14.9348203818689,45.3727205168844,,,,,,,./0.png
14.9350186247891,45.3729376551282,,,,,,,./0.png
14.8059561137043,45.3937882902144,,,,,,,./0.png
14.9064810495946,45.4256989299894,,,,,,,./0.png
14.9066872793735,45.4251841610095,,,,,,,./0.png
14.9074681955703,45.4292098529272,,,,,,,./0.png
14.9055003553651,45.429417471896,,,,,,,./0.png
14.9287781356431,45.4410342139545,,,,,,,./0.png
14.9290322498576,45.4411494722924,,,,,,,./0.png
14.9331077004441,45.4411368047439,,,,,,,./0.png
14.936321632401,45.4434314906701,,,,,,,./0.png
14.9371178807565,45.4434828842664,,,,,,,./0.png
14.93750924634,45.4432024450865,,,,,,,./0.png
14.937423720323,45.4431934461032,,,,,,,./0.png
14.9381796375387,45.4431174005718,,,,,,,./0.png
14.9382654764943,45.4431057965386,,,,,,,./0.png
14.9394402253506,45.4429487234665,,,,,,,./0.png
14.9397037315229,45.4429145300758,,,,,,,./0.png
14.9398050545122,45.4428605731969,,,,,,,./0.png
14.9398689127396,45.4431686568712,,,,,,,./0.png
14.9402313228502,45.4431080078237,,,,,,,./0.png
14.9406540397612,45.4428025200981,,,,,,,./0.png
14.9405662658129,45.4430699289083,,,,,,,./0.png
14.9415126526504,45.4427939942376,,,,,,,./0.png
14.9416344211262,45.4427634410879,,,,,,,./0.png
14.9419783406383,45.4427010044064,,,,,,,./0.png
14.9420371122583,45.4428088892319,,,,,,,./0.png
14.9420824192884,45.4425607867908,,,,,,,./0.png
14.9421970356461,45.4425206869676,,,,,,,./0.png
14.9427633598869,45.4424309563908,,,,,,,./0.png
14.9428164614619,45.4424011753253,,,,,,,./0.png
14.9431109282889,45.4424169783731,,,,,,,./0.png
14.9432677129164,45.4426794444502,,,,,,,./0.png
14.9433828734765,45.4424475912761,,,,,,,./0.png
14.9434883261737,45.4424292317785,,,,,,,./0.png
14.9439529976838,45.4426147258536,,,,,,,./0.png
14.9438334765417,45.4426054484258,,,,,,,./0.png
14.9441572339684,45.4426067102798,,,,,,,./0.png
14.9450984212336,45.4427191433986,,,,,,,./0.png
14.7219697921229,45.2932818381282,,,,,,,./0.png
14.7221332338419,45.2930290871851,,,,,,,./0.png
14.7223738797869,45.2926801709617,,,,,,,./0.png
14.7227316746767,45.2917399667062,,,,,,,./0.png
14.7225489280674,45.291305089483,,,,,,,./0.png
14.7225235709703,45.2912965058317,,,,,,,./0.png
14.7217237828135,45.2912858521987,,,,,,,./0.png
14.7217940378099,45.291338599485,,,,,,,./0.png
14.7214882669769,45.2913484151369,,,,,,,./0.png
14.7211757820837,45.2911326153574,,,,,,,./0.png
14.7209834333485,45.291050069137,,,,,,,./0.png
14.7207000462313,45.2909108512894,,,,,,,./0.png
14.7194656415699,45.2909495607565,,,,,,,./0.png
14.7229249652114,45.2913680850857,,,,,,,./0.png
14.7229598964955,45.2911803737812,,,,,,,./0.png
14.7229848410856,45.2905695632485,,,,,,,./0.png
14.7229928541241,45.2903252804291,,,,,,,./0.png
14.7229637508167,45.2907427319557,,,,,,,./0.png
14.7230139970715,45.2898728796038,,,,,,,./0.png
14.7229146631433,45.2894899642406,,,,,,,./0.png
14.7230736337263,45.2893798632779,,,,,,,./0.png
14.7230542428072,45.2893109006141,,,,,,,./0.png
14.7232598718311,45.2890660934771,,,,,,,./0.png
14.7229257316887,45.2892580573041,,,,,,,./0.png
14.7230539352081,45.2892350358915,,,,,,,./0.png
14.7230839708605,45.2888733913535,,,,,,,./0.png
14.7229900379412,45.2887665534595,,,,,,,./0.png
14.7230230919657,45.2885531662418,,,,,,,./0.png
14.723199743271,45.2881625774576,,,,,,,./0.png
14.7230396388482,45.2883213445192,,,,,,,./0.png
14.7229570946499,45.2867913729728,,,,,,,./0.png
14.7228705089805,45.2868795081838,,,,,,,./0.png
14.7226564054575,45.2870748377688,,,,,,,./0.png
14.722228607719,45.287679304479,,,,,,,./0.png
14.7223934741004,45.2874986080219,,,,,,,./0.png
14.7219795304642,45.2878235265706,,,,,,,./0.png
14.7201939426626,45.2885441438398,,,,,,,./0.png
14.723432014596,45.2859379625219,,,,,,,./0.png
14.7234846118362,45.285716301928,,,,,,,./0.png
14.7236467649517,45.2856405224839,,,,,,,./0.png
14.7237002820953,45.2853172361572,,,,,,,./0.png
14.7235867945934,45.2852765147031,,,,,,,./0.png
14.7237079783801,45.285196063912,,,,,,,./0.png
14.7228345488196,45.2835026529567,,,,,,,./0.png
14.7227736089651,45.2834554201611,,,,,,,./0.png
14.7231281965371,45.2830989805952,,,,,,,./0.png
14.723103363304,45.2830072829303,,,,,,,./0.png
14.7225495622399,45.2824993142876,,,,,,,./0.png
14.722463628436,45.2823611945046,,,,,,,./0.png
14.72194471462,45.2822955224767,,,,,,,./0.png
14.7220868557585,45.2823114140814,,,,,,,./0.png
14.7205509299789,45.2826718268837,,,,,,,./0.png
14.7200881852145,45.2826198000994,,,,,,,./0.png
14.7198880824518,45.2825904940146,,,,,,,./0.png
14.7197316213978,45.2824456033419,,,,,,,./0.png
14.723724822166,45.2861174889622,,,,,,,./0.png
14.7234386162486,45.2863916393054,,,,,,,./0.png
14.7232257662063,45.2864108243184,,,,,,,./0.png
14.7232562938332,45.2867762910934,,,,,,,./0.png
14.7232507515802,45.2869292746012,,,,,,,./0.png
14.724081375845,45.2858357032363,,,,,,,./0.png
14.7247039153278,45.2854330588292,,,,,,,./0.png
14.724880539904,45.2853163906735,,,,,,,./0.png
14.7248218641861,45.2852440278764,,,,,,,./0.png
14.7246346217038,45.2853292149817,,,,,,,./0.png
14.7246019037834,45.2851702063457,,,,,,,./0.png
14.7255928800518,45.2851363282605,,,,,,,./0.png
14.7256821277476,45.2849518897112,,,,,,,./0.png
14.725693980877,45.2847639087393,,,,,,,./0.png
14.7256794897923,45.2843047441002,,,,,,,./0.png
14.7254369472539,45.2837230709853,,,,,,,./0.png
14.7253588182912,45.2820959507703,,,,,,,./0.png
14.7251705544908,45.2819466986366,,,,,,,./0.png
14.7257579739942,45.2818244505056,,,,,,,./0.png
14.7252174641746,45.2817196728704,,,,,,,./0.png
14.7253193602964,45.2818080052737,,,,,,,./0.png
14.7252979609585,45.2815908911651,,,,,,,./0.png
14.7252467430725,45.2814797695704,,,,,,,./0.png
14.7251889553351,45.2815098272592,,,,,,,./0.png
14.7251775223509,45.2811162212461,,,,,,,./0.png
14.7251151530273,45.2812114491098,,,,,,,./0.png
14.7251634573204,45.280970491732,,,,,,,./0.png
14.7260049759781,45.2848552196492,,,,,,,./0.png
14.726262476729,45.2844503140773,,,,,,,./0.png
14.726382346299,45.2846002066154,,,,,,,./0.png
14.7263708765,45.2848209492947,,,,,,,./0.png
14.7268450327957,45.2848797869131,,,,,,,./0.png
14.7271035207468,45.2848603139181,,,,,,,./0.png
14.727181688356,45.2849617743886,,,,,,,./0.png
14.7276095361946,45.2849767854972,,,,,,,./0.png
14.7298438664591,45.2845768041297,,,,,,,./0.png
14.7306628603161,45.2841472066125,,,,,,,./0.png
14.7313023367347,45.2844729725311,,,,,,,./0.png
14.7313111819543,45.2842581279099,,,,,,,./0.png
14.7311990988582,45.2840541883127,,,,,,,./0.png
14.7326657900911,45.2834101778611,,,,,,,./0.png
14.7332619576545,45.2831725666292,,,,,,,./0.png
14.7329966220031,45.2832527795902,,,,,,,./0.png
14.7343362056816,45.2826861500044,,,,,,,./0.png
14.7344730175562,45.2825452743947,,,,,,,./0.png
14.7347575515787,45.2842251628916,,,,,,,./0.png
14.7350575425554,45.2840716012854,,,,,,,./0.png
14.9387941246812,45.3709655963506,,,,,,,./0.png
14.9386852234875,45.3713644123219,,,,,,,./0.png
14.9386295281842,45.3716122233918,,,,,,,./0.png
14.9385486569239,45.3719732123995,,,,,,,./0.png
14.9371082246841,45.3726835032614,,,,,,,./0.png
14.9371091343641,45.3725614057059,,,,,,,./0.png
14.9368806132407,45.3720904389659,,,,,,,./0.png
14.9368765244436,45.3720143369408,,,,,,,./0.png
14.9369469771792,45.3718636744052,,,,,,,./0.png
14.935339012603,45.372503478356,,,,,,,./0.png
14.9358380485599,45.3721529432601,,,,,,,./0.png
14.9344672257377,45.3728243908741,,,,,,,./0.png
14.9346039313657,45.372841010116,,,,,,,./0.png
14.9333143261337,45.3726833607483,,,,,,,./0.png
14.9337013422163,45.3727265112442,,,,,,,./0.png
14.9327028288059,45.373132869152,,,,,,,./0.png
14.9324081351739,45.373161489287,,,,,,,./0.png
14.9329325487403,45.373089948615,,,,,,,./0.png
14.9332728237973,45.3730750905782,,,,,,,./0.png
14.9335617135406,45.3730346903185,,,,,,,./0.png
14.9340103107994,45.3730316644164,,,,,,,./0.png
14.9343153328585,45.3730589735409,,,,,,,./0.png
14.9346914358512,45.3731152420988,,,,,,,./0.png
14.9345107626734,45.3730926983173,,,,,,,./0.png
14.9352354385541,45.3732267224466,,,,,,,./0.png
14.9350374308549,45.3731845948158,,,,,,,./0.png
14.9349506191579,45.3731751262863,,,,,,,./0.png
14.935782414232,45.3733601077013,,,,,,,./0.png
14.9354961999811,45.373465520663,,,,,,,./0.png
14.9354642865601,45.3732894293057,,,,,,,./0.png
14.9361336004458,45.3734820804579,,,,,,,./0.png
14.937349644744,45.3736876997987,,,,,,,./0.png
14.9380495850143,45.3736319670193,,,,"791.64","791.19","0.45",./0.png
14.9382263447794,45.3736380525391,,,,"791.74","790.99","0.75",./0.png
14.9383432755116,45.3736527625325,,,,"791.90","790.63","1.27",./0.png
14.9388093959597,45.3738583497045,,,,"792.55","791.55","1",./0.png
14.9376820620026,45.3734735390052,,,,"790.41","789.11","1.3",./0.png
14.9381932923191,45.3737858986303,,,,"791.65","791.15","0.5",./0.png
14.939039662419,45.3738862421173,,,,"792.86","791.86","1",./0.png
14.9392333294241,45.3741382683304,,,,,,,./0.png
14.940643479717,45.3755372071963,,,,"794.02","793.32","0.7",./0.png
14.9401296318488,45.3754508465298,,,,"793.04","792.24","0.8",./0.png
14.940762287197,45.3754490964222,,,,"793.43","792.33","1.1",./0.png
14.7522722818623,45.3502652503418,,,,,,,./0.png
14.7219656212728,45.281993577802,,,,,,,./0.png
14.7218786281663,45.2819546980192,,,,,,,./0.png
14.7215365081015,45.281819966658,,,,,,,./0.png
14.7213587056496,45.2818398740727,,,,,,,./0.png
14.7205474187024,45.281467460545,,,,,,,./0.png
14.7208212122858,45.2815002534723,,,,,,,./0.png
14.7208527998411,45.2815254924239,,,,,,,./0.png
14.7203264355142,45.2812377860895,,,,,,,./0.png
14.7203333562265,45.2812162068095,,,,,,,./0.png
14.7202364547881,45.2810581169705,,,,,,,./0.png
14.7202030099422,45.2808477432057,,,,,,,./0.png
14.7200142968257,45.2807438346901,,,,,,,./0.png
14.7202211604882,45.2806790283211,,,,,,,./0.png
14.7199168435449,45.2803630151982,,,,,,,./0.png
14.7195572209532,45.2803889038793,,,,,,,./0.png
14.719647046378,45.2804104618855,,,,,,,./0.png
14.7198151832122,45.2802511947056,,,,,,,./0.png
14.7196689941867,45.2802670929677,,,,,,,./0.png
14.7197181958587,45.2801163200159,,,,,,,./0.png
14.7192854747374,45.2800668278035,,,,,,,./0.png
14.7196051949835,45.2799758862392,,,,,,,./0.png
14.7194149162872,45.2799262151875,,,,,,,./0.png
14.7193429363229,45.2797987492307,,,,,,,./0.png
14.7194087688137,45.2796501255148,,,,,,,./0.png
14.7191199701627,45.2792702806129,,,,,,,./0.png
14.7192733396014,45.279301828834,,,,,,,./0.png
14.719300842595,45.2794168127499,,,,,,,./0.png
14.7191813715279,45.2794872999691,,,,,,,./0.png
14.7193000250104,45.2791170492852,,,,,,,./0.png
14.7186238847953,45.2791563558696,,,,,,,./0.png
14.71852271673,45.2793424928373,,,,,,,./0.png
14.7201113185405,45.2789622756987,,,,,,,./0.png
14.7205797803004,45.2789076632011,,,,,,,./0.png
14.7208433540174,45.2788238282394,,,,,,,./0.png
14.7229592987155,45.2795301428624,,,,,,,./0.png
14.7237495448924,45.2800944268182,,,,,,,./0.png
14.7239156815236,45.2793412903519,,,,,,,./0.png
14.7241510292043,45.279801191172,,,,,,,./0.png
14.7240845518468,45.2796563560789,,,,,,,./0.png
14.7210706093272,45.2788760342454,,,,,,,./0.png
14.7187728676659,45.2788644349893,,,,,,,./0.png
14.7232493368905,45.2875975131412,,,PVC,,,,./0.png
14.8000247410388,45.3951255872661,,,BETONSKO,,,,./0.png
14.800071575053,45.3951857447635,,,,,,,./0.png
14.8015993780568,45.3998739177616,,,,,,,./0.png
14.8016432625259,45.3999200118347,,,,,,,./0.png
14.8017054604987,45.3999887891388,,,,,,,./0.png
14.8017500245029,45.4000351361718,,,,,,,./0.png
14.8017492136995,45.3996926716598,,,,,,,./0.png
14.801703647648,45.3996457643214,,,,,,,./0.png
14.8016419231001,45.3995807961582,,,,,,,./0.png
14.799273003332,45.4050258459455,,,PVC,,,,./0.png
14.7296386109944,45.2859541295004,,,PVC,,,,./0.png
14.7303385641762,45.2865122877924,,,,,,,./0.png
14.7304214267961,45.2866310964966,,,,,,,./0.png
14.7305528760406,45.2869010282002,,,,,,,./0.png
14.7304927863769,45.2867672745482,,,,,,,./0.png
14.7307158627366,45.2874194556019,,,,,,,./0.png
14.7313250492956,45.2878513877234,,,,,,,./0.png
14.7329093202218,45.2885102434034,,,,,,,./0.png
14.7341871288631,45.289071380267,,,,,,,./0.png
14.7345357061423,45.2894153056071,,,,,,,./0.png
14.7347300408238,45.2893357012304,,,,,,,./0.png
14.7346511626144,45.2892524126074,,,,,,,./0.png
14.7347492113734,45.2898682769372,,,,,,,./0.png
14.7350556024602,45.290064148012,,,,,,,./0.png
14.7362507690502,45.2900770368325,,,,,,,./0.png
14.7362967825824,45.2901225616431,,,,,,,./0.png
14.7342177725165,45.290827790926,,,,,,,./0.png
14.7339052071729,45.2907157809628,,,,,,,./0.png
14.7336221085147,45.2908044493778,,,,,,,./0.png
14.7355557104965,45.2914459046556,,,,,,,./0.png
14.7357134770388,45.2835537849622,,,,,,,./0.png
14.7365802329501,45.28406660198,,,,,,,./0.png
14.7370030243766,45.2842487877091,,,,,,,./0.png
14.7374728550092,45.2840071340064,,,,,,,./0.png
14.7381057973938,45.2836929453279,,,,,,,./0.png
14.7186448431477,45.2787908863477,,,,,,,./0.png
14.7184630709804,45.2787209967363,,,,,,,./0.png
14.7182514944763,45.2786820271478,,,,,,,./0.png
14.7180190194158,45.2781280983341,,,,,,,./0.png
14.717934591941,45.2779005907298,,,,,,,./0.png
14.7179884991552,45.2777214847883,,,,,,,./0.png
14.7978779526624,45.3933691307579,,,,,,,./0.png
14.7176375685008,45.2780987277915,,,,,,,./0.png
14.7175456742828,45.2782336343494,,,,,,,./0.png
14.7173231861491,45.2786746387409,,,,,,,./0.png
14.7170850647721,45.2788911835657,,,,,,,./0.png
14.7166565536088,45.2788077401998,,,,,,,./0.png
14.7171366396089,45.2793061763335,,,,,,,./0.png
14.7168064416071,45.2796089870338,,,,,,,./0.png
14.7165220732161,45.2797187682677,,,,,,,./0.png
14.7165894855508,45.2796945272212,,,,,,,./0.png
14.7166563075989,45.2797414849981,,,,,,,./0.png
14.7167305890268,45.2800980219979,,,,,,,./0.png
14.7166595397628,45.2802079736841,,,,,,,./0.png
14.7164588784447,45.2803695815508,,,,,,,./0.png
14.7164318202794,45.2805510382626,,,,,,,./0.png
14.7163551377205,45.2805525490744,,,,,,,./0.png
14.7162141218775,45.2807761738189,,,,,,,./0.png
14.7160756394408,45.2808679224246,,,,,,,./0.png
14.7162780684885,45.2813851859714,,,,,,,./0.png
14.7168295733215,45.2812889641128,,,,,,,./0.png
14.7170258581217,45.2811958320265,,,,,,,./0.png
14.7173080560136,45.2810172024122,,,,,,,./0.png
14.7175717785447,45.2810376974941,,,,,,,./0.png
14.7177649037902,45.2811715549906,,,,,,,./0.png
14.7178765892984,45.2812806541474,,,,,,,./0.png
