X,Y,Tip,Dimenzija,Tlak,Napomena,Slika,Datum,Ulica,k.b.,Mjesto,Podaci,Oznaka,icon_url
14.7960530918983,45.3803888198769,PH,75mm,,,,,Kendar,7,Lučice,Dwg,ZV,./0.png
14.796313647779,45.3803227599647,PH,75mm,,,,,Kendar,11,Lučice,Dwg,ZV,./0.png
14.7943756275751,45.3791334790701,PH,75mm,,,,,Kendar,1,Lučice,Dwg,PHLU 2,./0.png
14.7928920736317,45.3796328176621,PH,75mm,,,,,Lučička cesta,2,Lučice,Dwg,MI,./0.png
14.7929100197506,45.3796367279883,PH,75mm,,,,,Lučička cesta,2,Lučice,Dwg,MI,./0.png
14.7934051376655,45.3792763961423,PH,75mm,,,,,Lučička cesta,2,Lučice,Dwg,PHLU 1,./0.png
14.7961925728605,45.3775793273643,PH,75mm,,,,,Lučička cesta,,Lučice,Dwg,MI,./0.png
14.7962004511283,45.3775808130883,PH,75mm,,,,,Lučička cesta,,Lučice,Dwg,MI,./0.png
14.7971350689757,45.376261726215,PH,75mm,,,,,Lučička cesta,2,Lučice,Dwg,PHLU 8,./0.png
14.7977402803718,45.3753112374493,PH,75mm,,,,,Lučička cesta,,Lučice,Dwg,MI,./0.png
14.7978087556044,45.3752065360709,PH,75mm,,,,,Stare Lučice,,Lučice,Dwg,PHLU 9,./0.png
14.7968956052775,45.3747073934518,PH,75mm,,,,,Stare Lučice,2,Lučice,Dwg,PHLU 10,./0.png
14.7959205348997,45.3738817848696,PH,75mm,,,,,Stare Lučice,5,Lučice,Dwg,PHLU 11,./0.png
14.7953547472936,45.3729565671092,PH,75mm,,,,,Stare Lučice,7,Lučice,Dwg,PHLU 13,./0.png
14.7948297162722,45.3723158533956,PH,75mm,,,,,Stare Lučice,18,Lučice,Dwg,MI,./0.png
14.7984763008717,45.3746012467119,PH,75mm,,,,,Ograja donja,1,Lučice,,PHLU 14,./0.png
14.7975533656282,45.3719119002046,PH,75mm,,,,,Novo naselje,35,Lučice,,PHLU 17,./0.png
14.7983185058185,45.3716396136585,PH,75mm,,,,,Novo naselje,31,Ličice,Dwg,PHLU 16,./0.png
14.7984721525693,45.372757596295,PH,75mm,,,,,Ograja donja,-11,Lučice,,PHLU 15,./0.png
14.7971992807778,45.3799891162863,PH,75mm,,,,,Kendar,12,Lučice,Dwg,PHLU 4,./0.png
14.7969060656743,45.3805938862149,PH,75mm,,,,,Kendar,32,Lučice,Dwg,PHLU 5,./0.png
14.7997621682586,45.372741371912,PH,75mm,,,,,Novo naselje,17,Lučice,Dwg,PHLU 18,./0.png
14.8011560919746,45.3734257576128,PH,75mm,,,,,Novo naselje,1,Lučice,Geo,PHLU 20,./0.png
14.8003199694633,45.3736555671642,PH,75mm,,,,,Novo naselje,8,Lučice,Dwg,MI,./0.png
14.7999029657602,45.3730512917031,PH,75mm,,,,,Ograja gornja,20,Lučice,Dwg,MI,./0.png
14.7996069460371,45.3736834823229,PH,75mm,,,,,Ograja gornja,11,Lučice,Dwg,PHLU 19,./0.png
14.8010219159908,45.3749974782251,PH,75mm,,,,,Lučička cesta,3,Lučice,Dwg,PHLU 21,./0.png
14.8013089774928,45.3744320294164,PH,75mm,,,,,Lučička cesta,5,Lučice,Dwg,MI,./0.png
14.7943145250737,45.377446952218,PH,75mm,,,,,Lučička cesta (betonara),,Lučice,Dwg,PHLU 7,./0.png
14.7950149728578,45.3777279132314,PH,75mm,,,,,Lučička cesta (betonara),,Lučice,Dwg,PHLU 6,./0.png
14.7955733729115,45.3739415882893,PH,75mm,,,,,Stare Lučice,14,Lučice,Dwg,PHLU 12,./0.png
14.8010585444446,45.3708786117704,PH,75mm,,,,,Radnička,16,Lučice,Dwg,PHLU 23,./0.png
14.8033381128806,45.3717897163364,PH,75mm,,,,,Radnička (pilana),,Lučice,Dwg,PHLU 22,./0.png
14.8035769010976,45.3720176458234,PH,75mm,,,,,Lučička cesta,,Lučice,Dwg,ZV,./0.png
14.8055467653944,45.3723959790708,PH,75mm,,,,,Presički put,,Lučice,Dwg,ZV,./0.png
14.8055183221457,45.3724787240976,PH,75mm,,,,,Presički put,1,Lučice,Dwg,PHLU 24,./0.png
14.8052107267632,45.3732633054885,PH,75mm,,,,,Presički put,5,Lučice,Dwg,PHLU 25,./0.png
14.8050245114086,45.3741593053824,PH,75mm,,,,,Presički put,11,Lučice,Dwg,PHLU 26,./0.png
14.8046463694981,45.3750067867248,PH,75mm,,,,,Presički put,17,Lučice,Dwg,PHLU 27,./0.png
14.8049414828906,45.3753954137287,PH,75mm,,,,,Presički put,17,Lučice,Dwg,ZV,./0.png
14.8041147755012,45.3763169691263,PH,75mm,,,,,Presički put,18,Lučice,Dwg,PHLU 28,./0.png
14.7971356320901,45.3762676963256,PH,75mm,,,,,Lučička cesta,2,Lučice,Dwg,ZV,./0.png
14.79503818762,45.3785362663357,PH,75mm,,,,,Lučička cesta,,Lučice,Dwg,ZV,./0.png
14.7950633158348,45.3785454171587,PH,75mm,,,,,Lučička cesta,,Lučice,Dwg,ZV,./0.png
14.7956773314408,45.3798463993021,PH,75mm,,,,,Kendar,3,Lučice,Dwg,PHLU 3,./0.png
14.7927099319559,45.381813879483,PH,75mm,,,,,Javornik-Lučice,,Delnice,Dwg,PHDE 1,./0.png
14.792136977584,45.3840396922882,PH,75mm,,,,,Javornik,,Delnice,Dwg,MI,./0.png
14.7912703621701,45.3842937914694,PH,75mm,,,,,Javornik,11,Delnice,Dwg,PHDE 2,./0.png
14.7897301832835,45.384992786526,PH,75mm,,,,,Javornik,3,Delnice,Dwg,PHDE 3,./0.png
14.789579784854,45.3859230654229,PH,75mm,,,,,Javornik,1,Delnice,Dwg,MI,./0.png
14.7895445201734,45.3859363951314,PH,75mm,,,,,Javornik,1,Delnice,Dwg,ZV,./0.png
14.7920726647659,45.3852866489668,PH,75mm,,,,,Vućnik,106,Delnice,Dwg,PHDE 9,./0.png
14.79083071966,45.3861782811564,PH,75mm,,,,,Vučnik,51,Delnice,Dwg,PHDE 10,./0.png
14.7914438230846,45.3855848159231,PH,75mm,,,,,Vučnik,57,Delnice,Dwg,ZV,./0.png
14.7897781982554,45.3865423557383,PH,75mm,,,,,Vučnik,47,Delnice,Dwg,MI,./0.png
14.7897653142052,45.3865418928104,PH,75mm,,,,,Vučnik,47,Delnice,Dwg,MI,./0.png
14.7897704687444,45.3871542390132,PH,75mm,,,,,Vučnik,84,Delnice,Dwg,ZV,./0.png
14.7898508672507,45.3871560730425,PH,75mm,,,,,Vučnik,84,Delnice,Dwg,PHDE 11,./0.png
14.7900897215284,45.388441779258,PH,75mm,,,,,Vučnik,74,Delnice,Dwg,PHDE 12,./0.png
14.7904617549241,45.3891483452488,,,,,,,,,,,,./0.png
14.7910118536457,45.3885787756331,,,,,,,,,,,,./0.png
14.7923477239305,45.3895438901519,PH,75mm,,,,,Vučnik,19,Delnice,Dwg,ZV,./0.png
14.7908263588514,45.3902668472837,PH,75mm,,,,,Vučnik,32,Delnice,Dwg,MI,./0.png
14.7913228725018,45.3905093229523,PH,75mm,,,,,Vučnik,28,Delnice,Dwg,PHDE 15,./0.png
14.7915805482136,45.3898624854956,PH,75mm,,,,,Vučnik,44,Delnice,Dwg,MI,./0.png
14.7920480172986,45.3898820766507,PH,75mm,,,,,Vučnik,15,Delnice,Dwg,PHDE 16,./0.png
14.7934789740402,45.3911986476362,PH,75mm,,,,,Vučnik,1,Delnice,Dwg,PHDE 17,./0.png
14.7972494518083,45.391309556041,PH,75mm,,,,,Podlučički vrh,2,Delnice,Dwg,PHDE 19,./0.png
14.7961320657464,45.3912379066455,PH,75mm,,,,,Podlučički vrh,2,Delnice,Dwg,PHDE 18,./0.png
14.7903866528329,45.3905332875756,PH,75 mm,,,,,Lujzinska-skretanje za V1,,Delnice,Dwg,PHDE 20,./0.png
14.7914972146421,45.3911541661643,PH,75mm,,,,,Lujzinska,66,Delnice,Dwg,PHDE 21,./0.png
14.7941970777572,45.3918461123764,PH,75mm,,,,,Japlenški vrh,1,Delnice,Dwg,PHDE 22,./0.png
14.7920802751243,45.3932050777584,PH,75mm,,,,,Ploškovo,14,Delnice,Dwg,PHDE 26,./0.png
14.7928635839706,45.3925560724069,PH,75mm,,,,,Ploškovo,6,Delnice,Dwg,PHDE 25,./0.png
14.7934736434906,45.3920444192248,PH,75mm,,,,,Ploškovo,3,Delnice,Dwg,PHDE 27,./0.png
14.7937448688295,45.3925070214821,PH,75mm,,,,,Japlenški vrh,5,Delnice,Dwg,ZV,./0.png
14.7938445378152,45.3929323678305,PH,75mm,,,,,Japlenški vrh,7,Delnice,Dwg,PHDE 23,./0.png
14.7935384738472,45.3935816765132,PH,75mm,,,,,Japlenški vrh,13,Delnice,Dwg,PHDE 24,./0.png
14.7938051233253,45.4043314669301,,,,,,,,,,,,./0.png
14.7914683021752,45.4045607267343,,,,,,,,,,,,./0.png
14.7919707313498,45.4051620631193,,,,,,,,,,,,./0.png
14.7930898292344,45.4051858158572,,,,,,,,,,,,./0.png
14.7940741020269,45.4049949957106,,,,,,,,,,,,./0.png
14.795003301198,45.4050761834146,,,,,,,,,,,,./0.png
14.7939883877068,45.4058943885848,,,,,,,,,,,,./0.png
14.7981865639993,45.3930989427282,PH,75mm,,,,,Trg Goranskih šumara i drvara,,Delnice,,PHDE 44,./0.png
14.7991658657564,45.3941781760958,PH,75mm,,,,,Supilova,19,Delnice,Dwg,PHDE 45,./0.png
14.8001692082291,45.3947709455683,,,,,,,,,,,,./0.png
14.8008311255958,45.3955984657482,PH,75 mm,,,,,,,,,,./0.png
14.8013548415564,45.3966079250856,,,,,,,,,,,,./0.png
14.8018861704827,45.3975709935165,PH,75mm,,,,,Supilova,88,Delnice,,PHDE 49,./0.png
14.8025958947632,45.3987399893583,,,,,,,,,,,,./0.png
14.8054607669224,45.4020599178143,,,,,,,,,,,,./0.png
14.8056501686716,45.4020311430898,,,,,,,,,,,,./0.png
14.8035567080655,45.3999176855049,,,,,,,,,,,,./0.png
14.8042970210317,45.4013103329343,,,,,,,,,,,,./0.png
14.8076328748418,45.4054286451621,,,,,,,,,,,,./0.png
14.8082400635002,45.4062582278869,,,,,,,,,,,,./0.png
14.8075738982555,45.4050294914935,,,,,,,,,,,,./0.png
14.8074315955606,45.4042338826084,,,,,,,,,,,,./0.png
14.8064904533947,45.4031202952867,,,,,,,,,,,,./0.png
14.7964573359783,45.3942176246304,,,,,,,,,,,,./0.png
14.7979090259264,45.3957481663077,,,,,,,,,,,,./0.png
14.7977920666431,45.4004761111289,,,,,,,,,,,,./0.png
14.7987905976105,45.3999049101313,,,,,,,,,,,,./0.png
14.8001725275286,45.399548672287,,,,,,,,,,,,./0.png
14.8011342133875,45.3990282389539,,,,,,,,,,,,./0.png
14.7974909002098,45.3993355425659,,,,,,,,,,,,./0.png
14.7986647933319,45.3987216128316,,,,,,,,,,,,./0.png
14.7980230887297,45.3979976566477,,,,,,,,,,,,./0.png
14.7968844737258,45.3968262256438,,,,,,,,,,,,./0.png
14.7962305431261,45.3971354725439,,,,,,,,,,,,./0.png
14.7971042742391,45.3982381518856,,,,,,,,,,,,./0.png
14.7987051486495,45.3976623446003,,,,,,,,,,,,./0.png
14.7993762908345,45.3983968228857,,,,,,,,,,,,./0.png
14.7976267036451,45.3964558407974,,,,,,,,,,,,./0.png
14.7993724849031,45.3974041255559,,,,,,,,,,,,./0.png
14.7983545896293,45.3962523422581,,,,,,,,,,,,./0.png
14.8002656805902,45.3983028912454,,,,,,,,,,,,./0.png
14.8008380923633,45.3980198541668,,,,,,,,,,,,./0.png
14.8087763575609,45.397838224726,,,,,,,,,,,,./0.png
14.8081010557969,45.3970355874488,,,,,,,,,,,,./0.png
14.8076197482408,45.3962544173952,,,,,,,,,,,,./0.png
14.8068828880754,45.3958802981963,PH,75mm,,,,,Grabanj,10,Delnice,,PHDE 41,./0.png
14.8065115584217,45.3954275513864,PH,75mm,,,,,Grabanj,6,Delnice,,PHDE 40,./0.png
14.8042265899927,45.3949471732382,PH,75mm,,,,,,,,,PHDE 37,./0.png
14.8056656280408,45.3954677282781,PH,75mm,,,,,,,,,PHDE 39,./0.png
14.8013045800595,45.3940652755255,PH,75mm,,,,,Lujzinska,16,Delnice,,PHDE 31,./0.png
14.7997459685022,45.3935353640569,,,,,,,,,,,,./0.png
14.802595061638,45.3945289023392,PH,75mm,,,,,Lujzinska,6,Delnice,,PHDE 36,./0.png
14.801286840126,45.393108694344,,,,,,,,,,,,./0.png
14.8003651463456,45.392754152895,PH,75mm,,,,,S.S.Kranjčevića,17,Delnice,,PHDE 29,./0.png
14.8592786899754,45.3248420643298,,,,,,,,,,,,./0.png
14.8577987712409,45.32529082725,,,,,,,,,,,,./0.png
14.9122444397308,45.4303275879948,,,,,,,,,,,,./0.png
14.7532458197665,45.352899141016,,,,,,,,,,,,./0.png
14.753216835304,45.3510464381283,,,,,,,,,,,,./0.png
14.7353599056689,45.3580733295951,,,,,,,,,,,,./0.png
14.737974887063,45.3572758210775,,,,,,,,,,,,./0.png
14.7397449111959,45.3572632081909,,,,,,,,,,,,./0.png
14.7422915091135,45.3562660391705,,,,,,,,,,,,./0.png
14.7466076544651,45.3568371253316,,,,,,,,,,,,./0.png
14.805687696772,45.4752684506051,,,,,,,,,,,,./0.png
14.8069499524986,45.4753533462684,,,,,,,,,,,,./0.png
14.8205863264149,45.3227018212506,,,,,,,,,,,,./0.png
14.813971695466,45.3284426814942,,,,,,,,,,,,./0.png
14.6780293289038,45.3092944335112,,,,,,,,,,,,./0.png
14.7237937862085,45.2801331233486,,,,,,,,,,,,./0.png
14.7241285611183,45.2797008572258,,,,,,,,,,,,./0.png
14.7230667905826,45.2797515973139,,,,,,,,,,,,./0.png
14.7232925934971,45.279184895476,,,,,,,,,,,,./0.png
14.7175319967886,45.303812496042,PH,75mm,,,,,,,,,,./0.png
14.8502990998362,45.3333736893496,PH,75mm,,,,,,,,,,./0.png
14.8528781990877,45.3371027883094,PH,75mm,,,,,,,,,,./0.png
14.8537596282565,45.3375670759903,PH,75mm,,,,,,,,,,./0.png
14.8548357292117,45.338680160335,PH,75mm,,,,,,,,,,./0.png
14.7965011337667,45.3924703132163,PH,75mm,,,,,,,,,,./0.png
14.7959654200698,45.3934498680408,PH,75mm,,,,,,,,,,./0.png
14.7961003963759,45.3921729347038,PH,75mm,,,,,,,,,,./0.png
14.8240672639464,45.3217972462176,PH,75mm,,,,,,,,,,./0.png
14.8256361578644,45.3213694731338,PH,75mm,,,,,,,,,,./0.png
14.827576303276,45.3208674615891,PH,75mm,,,,,,,,,,./0.png
14.8289938217401,45.3204531973814,PH,75mm,,,,,,,,,,./0.png
14.8332842881929,45.3191968070853,PH,75mm,,,,,,,,,,./0.png
14.8354647111615,45.3184593526,PH,75mm,,,,,,,,,,./0.png
14.8371531275894,45.3178569425887,PH,75mm,,,,,,,,,,./0.png
14.8026758765174,45.3935270410662,PH,75mm,,,,,,,,,,./0.png
14.8020444056732,45.3926647893533,PH,75mm,,,,,,,,,,./0.png
14.9771029184252,45.3798016627713,PH,75mm,,,,,,,,,,./0.png
14.9875810895337,45.376888497911,PH,75mm,,,,,,,,,,./0.png
14.9906399308606,45.3766074129355,PH,75mm,,,,,,,,,,./0.png
14.996745166639,45.3757737029232,PH,75mm,,,,,,,,,,./0.png
14.9964555944753,45.3757322082899,PH,75mm,,,,,,,,,,./0.png
14.9986886818479,45.3759478821064,PH,75mm,,,,,,,,,,./0.png
15.0006832634512,45.3756927988862,PH,75mm,,,,,,,,,,./0.png
15.0021379052481,45.3758188643687,PH,75mm,,,,,,,,,,./0.png
15.0086035315666,45.3783127240963,PH,75mm,,,,,,,,,,./0.png
15.0062714705132,45.3776749577366,PH,75mm,,,,,,,,,,./0.png
15.0049882960514,45.3766890499964,PH,75mm,,,,,,,,,,./0.png
15.0070625176974,45.3754433856737,PH,75mm,,,,,,,,,,./0.png
15.0116815346597,45.3771701369392,PH,75mm,,,,,,,,,,./0.png
14.8515262680356,45.3313478678268,PH,75mm,,,,,,,,,,./0.png
14.8528560667699,45.3291937066074,PH,75mm,,,,,,,,,,./0.png
14.8516170373068,45.315531166225,PH,75mm,,,,,,,,,,./0.png
14.8501080632033,45.3156067815512,PH,75mm,,,,,,,,,,./0.png
14.8480108738954,45.3157675691752,,,,,,,,,,,,./0.png
14.8227058651569,45.3224528389452,,,,,,,,,,,,./0.png
14.7171151242981,45.3095477002541,PH,75mm,,,,,,,,,,./0.png
14.7177392646778,45.3099924198031,PH,75mm,,,,,,,,,,./0.png
14.7189905874989,45.3111496570048,PH,75mm,,,,,,,,,,./0.png
14.7149026146928,45.3052432815977,PH,75mm,,,,,,,,,,./0.png
14.9047217516209,45.4312565868688,PH,75mm,,,,,,,,,,./0.png
14.9034243731937,45.4289827644937,PH,75mm,,,,,,,,,,./0.png
14.9071499071627,45.4287686641213,PH,75mm,,,,,,,,,,./0.png
14.9053259639996,45.4285963869343,PH,75mm,,,,,,,,,,./0.png
14.9055319485878,45.4327853285354,PH,75mm,,,,,,,,,,./0.png
14.9049715241306,45.4342534394017,PH,75mm,,,,,,,,,,./0.png
14.9013960646817,45.4362377764671,PH,75mm,,,,,,,,,,./0.png
14.9035739862641,45.4355933392531,PH,75mm,,,,,,,,,,./0.png
14.9023517973974,45.436897196214,PH,75mm,,,,,,,,,,./0.png
14.901151122131,45.4370916227543,PH,75mm,,,,,,,,,,./0.png
14.901607828813,45.4376908692008,PH,75mm,,,,,,,,,,./0.png
14.9029121143276,45.4373808932601,PH,75mm,,,,,,,,,,./0.png
14.9052725303905,45.4355847671202,PH,75mm,,,,,,,,,,./0.png
14.94083322647,45.4485309183234,PH,75mm,,,,,,,,,,./0.png
14.9282234860173,45.4461849157324,PH,75mm,,,,,,,,,,./0.png
14.9355595110224,45.4476855928694,PH,75mm,,,,,,,,,,./0.png
14.9450081924226,45.4428623256169,PH,75mm,,,,,,,,,,./0.png
14.9371779373185,45.4434300064002,PH,75mm,,,,,,,,,,./0.png
14.9422128467105,45.4427136873077,PH,75mm,,,,,,,,,,./0.png
14.9238469204905,45.4353766130329,PH,75mm,,,,,,,,,,./0.png
14.9225440640991,45.4350437838147,PH,75mm,,,,,,,,,,./0.png
14.7133601140962,45.3042642047052,PH,75mm,,,,,,,,,,./0.png
14.8532369293335,45.3159346324218,PH,75mm,,,,,,,,,,./0.png
14.854302613175,45.316231753291,PH,75mm,,,,,,,,,,./0.png
14.8561401248124,45.3180057279511,PH,75mm,,,,,,,,,,./0.png
14.8574757670087,45.3196861060994,PH,75mm,,,,,,,,,,./0.png
14.8570575116099,45.3210253069336,PH,75mm,,,,,,,,,,./0.png
14.8566035527702,45.3222483773053,PH,75mm,,,,,,,,,,./0.png
14.8561199423304,45.3234862551749,PH,75mm,,,,,,,,,,./0.png
14.855221915902,45.3254078619183,PH,75mm,,,,,,,,,,./0.png
14.8541916290187,45.3270403422585,PH,75mm,,,,,,,,,,./0.png
14.8536655680727,45.315454273894,PH,75mm,,,,,,,,,,./0.png
14.8543642807482,45.3143499455465,PH,75mm,,,,,,,,,,./0.png
14.8496408864637,45.3174999159912,PH,75mm,,,,,,,,,,./0.png
14.8487583973791,45.3164658458329,PH,75mm,,,,,,,,,,./0.png
14.8197062786106,45.3258597284169,PH,75mm,,,,,,,,,,./0.png
14.8190882187323,45.3249650626112,PH,75mm,,,,,,,,,,./0.png
14.94063946572,45.3803924959244,PH,75mm,,,,,,,,,,./0.png
14.9409620672187,45.3798329544464,PH,75mm,,,,,,,,,,./0.png
14.941595128675,45.3797823844112,PH,75mm,,,,,,,,,,./0.png
14.9400222509008,45.379012489442,PH,75mm,,,,,,,,,,./0.png
14.9416777582429,45.3783225786636,PH,75mm,,,,,,,,,,./0.png
14.9422981858848,45.3791869966572,PH,75mm,,,,,,,,,,./0.png
14.942238261834,45.3766733013904,PH,75mm,,,,,,,,,,./0.png
14.9408428202166,45.3755916940741,PH,75mm,,,,,,,,,,./0.png
14.9380320934876,45.3737329412966,PH,75mm,,,,,,,,,,./0.png
14.935971628445,45.3733878057075,PH,75mm,,,,,,,,,,./0.png
14.9320986318519,45.373190085294,PH,75mm,,,,,,,,,,./0.png
14.9320414578534,45.3730737572787,PH,75mm,,,,,,,,,,./0.png
14.9334030119731,45.3729238992144,PH,75mm,,,,,,,,,,./0.png
14.9386250203232,45.3736340812381,PH,75mm,,,,,,,,,,./0.png
14.9390373424359,45.372022900834,PH,75mm,,,,,,,,,,./0.png
14.9372551555158,45.3705179729018,PH,75mm,,,,,,,,,,./0.png
14.9369352212255,45.3724410207291,PH,75mm,,,,,,,,,,./0.png
14.9403372318641,45.3688572130931,PH,75mm,,,,,,,,,,./0.png
14.9397006404502,45.3698671539979,PH,75mm,,,,,,,,,,./0.png
14.941953996139,45.3712409736929,PH,75mm,,,,,,,,,,./0.png
14.9405513336107,45.3708914857348,PH,75mm,,,,,,,,,,./0.png
14.9399612507171,45.3709101519532,PH,75mm,,,,,,,,,,./0.png
14.9393328437371,45.3739044232995,PH,75mm,,,,,,,,,,./0.png
14.9413250520088,45.3744768628433,PH,75mm,,,,,,,,,,./0.png
14.9453437264584,45.3748466883293,PH,75mm,,,,,,,,,,./0.png
14.9473356542023,45.3749803338131,PH,75mm,,,,,,,,,,./0.png
14.9494634986117,45.374926952368,PH,75mm,,,,,,,,,,./0.png
14.9618816666204,45.3744281366803,PH,75mm,,,,,,,,,,./0.png
14.9512680824765,45.3747332688519,PH,75mm,,,,,,,,,,./0.png
14.9558418539735,45.3756893161673,PH,75mm,,,,,,,,,,./0.png
14.9590309408869,45.3759831882025,PH,75mm,,,,,,,,,,./0.png
14.9572936465399,45.3762324194383,PH,75mm,,,,,,,,,,./0.png
14.9316039118507,45.3696476212489,PH,75mm,,,,,,,,,,./0.png
14.7228815427118,45.2956550209523,PH,75mm,,,,,,,,,,./0.png
14.722143498668,45.2932664089003,PH,75mm,,,,,,,,,,./0.png
14.7229217054221,45.2944056282726,PH,75mm,,,,,,,,,,./0.png
14.7225928121551,45.2925119720935,PH,75mm,,,,,,,,,,./0.png
14.7194815536083,45.2909981590888,PH,75mm,,,,,,,,,,./0.png
14.721108507533,45.2911686601659,PH,75mm,,,,,,,,,,./0.png
14.7225376286151,45.291360706162,PH,75mm,,,,,,,,,,./0.png
14.72291965506,45.2912557591239,PH,75mm,,,,,,,,,,./0.png
14.723199918469,45.2872081060711,PH,75mm,,,,,,,,,,./0.png
14.7231294819148,45.2884887356636,PH,75mm,,,,,,,,,,./0.png
14.7229911511229,45.2899135541879,PH,75mm,,,,,,,,,,./0.png
14.7201462786554,45.288626654036,PH,75mm,,,,,,,,,,./0.png
14.7217878501419,45.2880448581593,PH,75mm,,,,,,,,,,./0.png
14.7228468178755,45.2869940072597,PH,75mm,,,,,,,,,,./0.png
14.7236210813918,45.2861626916494,PH,75mm,,,,,,,,,,./0.png
14.724226792581,45.2857101818017,PH,75mm,,,,,,,,,,./0.png
14.7254598840343,45.2851570654132,PH,75mm,,,,,,,,,,./0.png
14.7334485709137,45.2907256477993,PH,75mm,,,,,,,,,,./0.png
14.7357423497968,45.2914667818689,PH,75mm,,,,,,,,,,./0.png
14.7350808956088,45.2901231392882,PH,75mm,,,,,,,,,,./0.png
14.733925176654,45.2890426363099,PH,75mm,,,,,,,,,,./0.png
14.7327603569564,45.2885262798059,PH,75mm,,,,,,,,,,./0.png
14.7309246501951,45.2875775834882,PH,75mm,,,,,,,,,,./0.png
14.7271213272937,45.2848687962573,PH,75mm,,,,,,,,,,./0.png
14.7289851424134,45.2849953260529,PH,75mm,,,,,,,,,,./0.png
14.7303637708796,45.2842754839749,PH,75mm,,,,,,,,,,./0.png
14.7319790764681,45.2836562653166,PH,75mm,,,,,,,,,,./0.png
14.7335636842297,45.2831702442111,PH,75mm,,,,,,,,,,./0.png
14.7347973221408,45.2824421799913,PH,75mm,,,,,,,,,,./0.png
14.7346376522364,45.2838186882732,PH,75mm,,,,,,,,,,./0.png
14.7345370781485,45.2842114924573,PH,75mm,,,,,,,,,,./0.png
14.7354596438978,45.2839747658898,PH,75mm,,,,,,,,,,./0.png
14.7358009797805,45.2840461238875,PH,75mm,,,,,,,,,,./0.png
14.7371531320636,45.2843669080142,PH,75mm,,,,,,,,,,./0.png
14.7379226932717,45.2836727489679,PH,75mm,,,,,,,,,,./0.png
14.7356111183715,45.2835701420361,PH,75mm,,,,,,,,,,./0.png
14.7255738069336,45.2841662201424,PH,75mm,,,,,,,,,,./0.png
14.7255199706671,45.2828961084859,PH,75mm,,,,,,,,,,./0.png
14.7252386380494,45.2817779370156,PH,75mm,,,,,,,,,,./0.png
14.72507909655,45.2809232914497,PH,75mm,,,,,,,,,,./0.png
14.7231421587111,45.2837319747246,PH,75mm,,,,,,,,,,./0.png
14.7223549021665,45.283429679044,PH,75mm,,,,,,,,,,./0.png
14.7236091856242,45.2847026981679,PH,75mm,,,,,,,,,,./0.png
14.7228783433224,45.2826042288803,PH,75mm,,,,,,,,,,./0.png
14.7197664327612,45.2824655835542,PH,75mm,,,,,,,,,,./0.png
14.7209785344245,45.2826736308138,PH,75mm,,,,,,,,,,./0.png
14.7216009223567,45.2818501570462,PH,75mm,,,,,,,,,,./0.png
14.7201892413221,45.2808402300505,PH,75mm,,,,,,,,,,./0.png
14.7189808424564,45.2804466260033,PH,75mm,,,,,,,,,,./0.png
14.7194179895958,45.2796967232234,PH,75mm,,,,,,,,,,./0.png
14.7228768433909,45.2787979344914,PH,75mm,,,,,,,,,,./0.png
14.7218632015202,45.2788358391109,PH,75mm,,,,,,,,,,./0.png
14.7202781499762,45.2789277819046,PH,75mm,,,,,,,,,,./0.png
14.7179103293129,45.2812493249469,PH,75mm,,,,,,,,,,./0.png
14.716436050072,45.2813673165488,PH,75mm,,,,,,,,,,./0.png
14.717098922931,45.2793665786988,PH,75mm,,,,,,,,,,./0.png
14.7163863577465,45.2805218115114,PH,75mm,,,,,,,,,,./0.png
14.7176402133952,45.2782308663193,PH,75mm,,,,,,,,,,./0.png
14.7182389728573,45.2783624539657,PH,75mm,,,,,,,,,,./0.png
14.7187872961468,45.2784975175577,PH,75mm,,,,,,,,,,./0.png
14.7191127930062,45.2762067122223,PH,75mm,,,,,,,,,,./0.png
14.718693638293,45.2773913273715,PH,75mm,,,,,,,,,,./0.png
14.7200507231382,45.2757974613657,PH,75mm,,,,,,,,,,./0.png
14.7187009751126,45.2754542063403,PH,75mm,,,,,,,,,,./0.png
14.7187445441105,45.2728121519795,PH,75mm,,,,,,,,,,./0.png
14.7190955846361,45.2717859708814,PH,75mm,,,,,,,,,,./0.png
14.7193583070973,45.2705141112976,PH,75mm,,,,,,,,,,./0.png
14.7186073547665,45.2740865541046,PH,75mm,,,,,,,,,,./0.png
14.7248291844661,45.2656836640027,PH,75mm,,,,,,,,,,./0.png
14.7245687620009,45.2665321648562,PH,75mm,,,,,,,,,,./0.png
14.7248039533025,45.2670160897443,PH,75mm,,,,,,,,,,./0.png
14.7236223423302,45.2672541793489,PH,75mm,,,,,,,,,,./0.png
14.7226634962815,45.2679693333437,PH,75mm,,,,,,,,,,./0.png
14.7213770841595,45.2687505577824,PH,75mm,,,,,,,,,,./0.png
14.7201310065994,45.2693103035918,PH,75mm,,,,,,,,,,./0.png
14.7199443403172,45.2692779817087,PH,75mm,,,,,,,,,,./0.png
14.7195529708188,45.2685305273336,PH,75mm,,,,,,,,,,./0.png
14.7190209000549,45.2674958534014,PH,75mm,,,,,,,,,,./0.png
14.7181468733789,45.2662105748358,PH,75mm,,,,,,,,,,./0.png
14.7179619861879,45.2721858294452,PH,75mm,,,,,,,,,,./0.png
14.7174924595829,45.2729361230078,PH,75mm,,,,,,,,,,./0.png
14.7164063519549,45.2736312560702,PH,75mm,,,,,,,,,,./0.png
14.7151736321043,45.2743575048164,PH,75mm,,,,,,,,,,./0.png
14.713888132072,45.274081053188,PH,75mm,,,,,,,,,,./0.png
14.7140129316291,45.2736579689422,PH,75mm,,,,,,,,,,./0.png
14.7133424578809,45.2735911032197,PH,75mm,,,,,,,,,,./0.png
14.7160081487988,45.2753372335134,PH,75mm,,,,,,,,,,./0.png
14.7145765755585,45.2748494758341,PH,75mm,,,,,,,,,,./0.png
14.7138755243549,45.274231493177,PH,75mm,,,,,,,,,,./0.png
14.7167798383127,45.2763251734896,PH,75mm,,,,,,,,,,./0.png
14.7172446757939,45.2773507690369,PH,75mm,,,,,,,,,,./0.png
14.7733378351023,45.3850592687064,PH,75mm,,,,,,,,,,./0.png
14.7745649918397,45.3851425139809,PH,75mm,,,,,,,,,,./0.png
14.7865222906149,45.3861604245536,PH,75mm,,,,,,,,,,./0.png
14.7879929554544,45.3859159760154,PH,75mm,,,,,,,,,,./0.png
14.7893533134898,45.3861333289414,PH,75mm,,,,,,,,,,./0.png
14.8010180663995,45.4030951465346,PH,75mm,,,,,,,,,,./0.png
14.8009641056373,45.401686602047,PH,75mm,,,,,,,,,,./0.png
14.8024862350306,45.4003283009458,PH,75mm,,,,,,,,,,./0.png
14.7982495126783,45.4054339196251,PH,75mm,,,,,,,,,,./0.png
14.8009769653981,45.398129034173,PH,75mm,,Neispravan,,,,,,,,./0.png
14.8008082203592,45.3999283529688,PH,75mm,,,,,,,,,,./0.png
14.8061474695552,45.3995761975432,PH,75mm,,,,,,,,,,./0.png
14.8062389841228,45.4004734165423,PH,75mm,,,,,,,,,,./0.png
14.8070607825222,45.4014383487398,PH,75mm,,,,,,,,,,./0.png
14.8353136154789,45.3812044191967,PH,52mm,,,,,,,,,,./0.png
14.8371012923095,45.3756304841716,PH,52mm,,,,,,,,,,./0.png
14.8410577137543,45.3671726525037,PH,52mm,,,,,,,,,,./0.png
14.8422843372465,45.3666109184738,PH,52mm,,,,,,,,,,./0.png
14.8368651486252,45.3723960948759,PH,52mm,,,,,,,,,,./0.png
14.8342814930271,45.3805967124562,PH,52mm,,,,,,,,,,./0.png
14.6653122494734,45.3697284548828,PH,75mm,,,,,,,,,,./0.png
14.972512293474,45.4646533471519,PH,75mm,,,,,,,,,,./0.png
14.9753671671552,45.4645228255015,PH,75mm,,,,,,,,,,./0.png
14.9756109284151,45.4632426672887,PH,75mm,,,,,,,,,,./0.png
14.9707570185375,45.4643229625157,PH,75mm,,,,,,,,,,./0.png
14.9680259981633,45.464563021846,PH,75mm,,,,,,,,,,./0.png
14.971104290949,45.4637369744801,PH,75mm,,,,,,,,,,./0.png
14.9727721272627,45.4638682783359,,75mm,,,,,,,,,,./0.png
14.9739098706663,45.46220421435,PH,75mm,,,,,,,,,,./0.png
14.9745930761929,45.4618000205909,PH,75mm,,,,,,,,,,./0.png
14.9740848942367,45.4626981177058,PH,75mm,,,,,,,,,,./0.png
14.9758247984539,45.4597758234665,PH,75mm,,,,,,,,,,./0.png
14.973971143894,45.4601754293838,PH,75mm,,,,,,,,,,./0.png
14.970998662523,45.4612216522854,PH,75mm,,,,,,,,,,./0.png
14.9705727362684,45.4622053756756,PH,75mm,,,,,,,,,,./0.png
14.9710721059628,45.4622663619073,PH,75mm,,,,,,,,,,./0.png
14.9773236087203,45.4489793681473,PH,75mm,,,,,,,,,,./0.png
14.9719373824818,45.4574514904568,PH,75mm,,,,,,,,,,./0.png
14.9672001505825,45.4357688466085,PH,75mm,,,,,,,,,,./0.png
14.950522876381,45.4660613035539,PH,75mm,,,,,,,,,,./0.png
14.9621106867737,45.4640487113601,PH,75mm,,,,,,,,,,./0.png
14.9593287288197,45.4718308563505,,,,,,,,,,,,./0.png
14.9580699602746,45.4710860609798,,,,,,,,,,,,./0.png
14.9507221167032,45.4704717019061,,,,,,,,,,,,./0.png
14.9599894176789,45.5024884686315,,,,,,,,,,,,./0.png
14.8054312582333,45.3969573569395,PH,75mm,,,,,,,,,,./0.png
14.8022160864088,45.3962249873109,PH,75mm,,,,,,,,,,./0.png
14.8038092555363,45.39723713548,PH,75mm,,,,,,,,,,./0.png
14.784355850339,45.3306067517934,PH,75mm,,,,,,,,,,./0.png
14.7861089153012,45.3304222203029,PH,75mm,,,,,,,,,,./0.png
14.8138876157608,45.3193487845003,PH,75mm,,,,,,,,,,./0.png
14.8169725736664,45.3213170155567,PH,75mm,,,,,,,,,,./0.png
14.8336621846358,45.4600041073117,PH,75mm,,,,,,,,,,./0.png
14.8320167508937,45.4599595685629,PH,75mm,,,,,,,,,,./0.png
14.8777738379347,45.4654897649298,PH,75mm,,,,,,,,,,./0.png
14.879043767,45.471195667,PH,75mm,,,,,,,,,,./0.png
0,0,75mm,,,,,,,,,,,./0.png
14.8944491532894,45.3088262652602,,,,,,,,,,,,./0.png
14.8970187457396,45.3070391960388,,,,,,,,,,,,./0.png
14.8988495378715,45.3057488089538,,,,,,,,,,,,./0.png
14.9010706569456,45.3050079277257,,,,,,,,,,,,./0.png
14.9030134690501,45.3047519631218,,,,,,,,,,,,./0.png
14.9045871897673,45.3045391688677,,,,,,,,,,,,./0.png
14.9064816350406,45.3043822632336,,,,,,,,,,,,./0.png
14.9108318752994,45.3033127825527,,,,,,,,,,,,./0.png
14.9093551161585,45.3044797010364,,,,,,,,,,,,./0.png
14.881171132225,45.2971646317303,,,,,,,,,,,,./0.png
14.8839848563964,45.2954870322048,,,,,,,,,,,,./0.png
14.8045300759669,45.4762843992325,PH,75 mm,,,,,,,,,,./0.png
14.9429009021017,45.3682996087306,PH,75 mm,,,,,,,,,,./0.png
14.9427981149417,45.3682249057328,PH,75 mm,,,,,,,,,,./0.png
14.9419253586853,45.3694244663624,PH,75 mm,,,,,,,,,,./0.png
14.8033478504524,45.3938329840638,PH,52 mm,,,,,,,,,,./0.png
14.9011661645082,45.3747482688821,PH,75 mm,,,,,,,,,,./0.png
14.8989795071825,45.3766247205422,PH,75 mm,,,,,,,,,,./0.png
14.9018125749297,45.3746536529212,PH,75 mm,,,,,,,,,,./0.png
14.9017990730812,45.3739002748822,PH,75 mm,,,,,,,,,,./0.png
14.7179815178611,45.3131512542995,PH,75 mm,,,,,,,,,,./0.png
14.7215178060345,45.3114338120064,PH,75 mm,,,,,,,,,,./0.png
14.7194386342865,45.3092426014328,PH,75 mm,,,,,,,,,,./0.png
14.7197421465654,45.3086238087416,PH,75 mm,,,,,,,,,,./0.png
14.7215664728322,45.3037383634492,PH,75 mm,,,,,,,,,,./0.png
14.7206978176916,45.3047756954492,,,,,,,,,,,,./0.png
14.9059603269498,45.4364599560523,PH,75 mm,,,,,,,,Približno,,./0.png
14.9079341744856,45.4388532728232,PH,75 mm,,,,,,,,Približno,,./0.png
14.8938846484804,45.3953725361316,PH,75 mm,,,,,,,,,,./0.png
14.8827020591234,45.3928858582062,PH,,,,,,,,,,,./0.png
14.88431794299,45.3860056742547,PH,,,,,,,,,,,./0.png
14.872770562558,45.3827255036152,PH,,,,,,,,,,,./0.png
14.8920087614042,45.395343906794,,,,,,,,,,,,./0.png
14.8881769606531,45.3951741032833,,,,,,,,,,,,./0.png
14.8860827224496,45.3952787619618,,,,,,,,,,,,./0.png
14.9096103350894,45.4019906128134,,,,,,,,,,,,./0.png
14.9054402116644,45.3995561685758,,,,,,,,,,,,./0.png
14.9011258584386,45.3980233656433,,,,,,,,,,,,./0.png
14.8979146210618,45.3966575431918,,,,,,,,,,,,./0.png
14.9069045549198,45.4255194467445,,,,,,,,,,,,./0.png
14.7224657428524,45.2971841227158,PH,75 mm,,,,,,,,,,./0.png
14.723181329628,45.2975161486157,PH,75 mm,,,,,,,,,,./0.png
14.6895148271778,45.3109361492822,PH,75 mm,,,,,,,,,,./0.png
14.8040365993198,45.3940433879928,PH,52 mm,,,,,,,,,,./0.png
14.8071251857035,45.3185040501055,PH,75 mm,,,,,,,Brestova Draga,,,./0.png
14.6907878801645,45.3320247397494,PH,75 mm,,,,,,,,,,./0.png
14.68956320522,45.3326817978693,PH,75 mm,,,,,,,,,,./0.png
14.6911467488328,45.3329623697677,PH,75 mm,,,,,,,,,,./0.png
14.6928144069118,45.3324602803242,PH,75 mm,,,,,,,,,,./0.png
